u_id,given_name,family_name,dob,sex,postal_code,hb_id,email,mobile_number
5BZBF0AA0EN053029,Korie,Mettericke,7/26/2003,F,PA16 7LN,S08000031,,+81 974 498 7735
1D7CW7GP2AS144426,Gibbie,Ennion,3/11/1983,M,DD3 7AF,S08000030,gennion1@github.io,+267 523 645 0808
WBANV1C51AC509824,Dougie,Mallatratt,1/12/1970,M,G12 8DN,S08000031,dmallatratt2@booking.com,+54 439 105 4816
W04GR5EC7B1035968,Roana,Wratten,6/19/2007,F,KA26 9HW,S08000015,rwratten3@admin.ch,+353 819 732 7496
1FAHP3CN2AW376632,Sheilakathryn,Tacon,12/14/1949,F,ML10 6RX,S08000032,stacon4@feedburner.com,+48 331 314 5193
1GKS1HE04ER702827,Neddie,Vasilyev,10/9/2010,M,EH11 2BP,S08000024,nvasilyev5@webeden.co.uk,+358 687 975 6204
TRURD38J491939532,Solomon,Ilden,4/29/1980,M,EH47 7HS,S08000024,silden6@cornell.edu,+81 775 230 9941
2C3CDXEJXEH743266,Jeddy,Shenley,5/27/1987,M,DG1 4PD,S08000017,jshenley7@businessweek.com,+63 818 135 3116
3C6JD6DT6CG467365,Laure,Blacker,5/14/1997,F,G33 4DJ,S08000031,lblacker8@4shared.com,+421 878 904 6918
1GTN1UEH4FZ446939,Colene,Boud,9/13/1943,F,KY11 3HY,S08000029,cboud9@wordpress.org,+359 219 446 4200
2HNYB1H68DH696789,Arluene,Arnaudin,7/10/1953,F,G2 9SS,S08000031,aarnaudina@webs.com,+62 894 917 6880
3N1AB6AP2AL735793,Tobe,Slane,7/30/1981,M,PA5 0BZ,S08000031,tslaneb@aboutads.info,+86 382 633 1534
SALVP2BG7FH533974,Laure,Ridhole,4/6/1946,F,DD8 5NN,S08000030,lridholec@wunderground.com,+505 925 741 3842
WAUVT64B02N396686,Wang,Cavil,4/14/1973,M,DG1 1GQ,S08000017,,+86 792 480 2008
4T1BD1FKXEU135039,Dilly,Andriss,6/16/1971,M,DG12 6EQ,S08000017,dandrisse@furl.net,+33 118 621 5443
WAUDFAFC8DN092830,Jerrilee,Dennett,9/4/1940,F,PA2 6AW,S08000031,,+48 425 986 8387
WAUUL68E35A174834,Karoly,Hudd,5/25/1976,M,AB45 3ZG,S08000020,,+7 164 840 0553
WP0CB2A87FS594056,Brett,Braden,10/1/2008,M,DD10 9EB,S08000030,bbradenh@technorati.com,+81 283 388 7044
3GYFNFE35CS932252,Maisie,Garth,7/11/1992,F,EH12 8QW,S08000024,,+86 350 613 1478
1G6AC5SX1D0011309,Latia,Corkhill,10/12/2003,F,EH5 2HJ,S08000024,lcorkhillj@ca.gov,+86 420 238 6508
WBSBL93446P527552,Emily,Rawling,6/10/2007,F,EH14 7HH,S08000024,erawlingk@yahoo.com,
WUARL48H64K414252,Dave,Sayer,10/3/1971,M,EH6 8BD,S08000024,,+506 710 704 8850
WAUEL74F56N483983,Jaquenette,Lyddon,3/25/1983,F,DD4 7LW,S08000030,jlyddonm@hubpages.com,+244 431 531 0830
5N1AA0NC2DN770676,Dallis,Riccione,7/7/1972,M,EH14 5HE,S08000024,driccionen@aboutads.info,
WBAWV53529P415189,Anett,Wisdom,7/20/1993,F,DG9 9QZ,S08000017,awisdomo@wufoo.com,+33 186 433 2034
WBAVD53528A051534,Augustina,Kleinsinger,2/15/1968,F,PA1 1TF,S08000031,akleinsingerp@flickr.com,+1 753 378 6666
3C4PDDEG1ET000714,Lona,Malpass,12/13/1964,F,PA37 1QU,S08000022,lmalpassq@disqus.com,+385 846 796 6472
WA1CFBFPXBA606781,Leanor,MacQueen,3/16/1943,F,EH23 4RF,S08000024,lmacqueenr@qq.com,+353 206 802 1221
5GALVBED0AJ834305,Stevie,Cunney,11/13/1968,M,G83 0HB,S08000031,scunneys@t-online.de,+63 379 880 4469
1G6AH5R34F0838034,Elissa,Shovlin,11/17/2003,F,G72 9QU,S08000032,,
WBANA73594B777898,Nikolia,Wann,1/22/1957,F,PH40 4PF,S08000022,nwannu@g.co,+7 838 108 8905
2HNYB1H29AH146574,Ruthann,Sworne,2/13/1957,F,PA13 4LH,S08000031,rswornev@google.cn,+351 638 227 6088
JN8AZ1MU6CW413494,Darbie,Lindermann,12/2/1953,F,IV10 8SG,S08000022,dlindermannw@sbwire.com,+81 799 451 3270
19UUA66277A418152,Milton,Grimsell,9/27/2008,M,PH2 6SR,S08000030,,+36 102 574 5547
3VWPG3AG2AM930128,Loren,Lagne,8/10/2010,F,PH1 3JF,S08000030,llagney@businesswire.com,+62 335 571 5158
1G4GB5GR6EF169580,Glendon,Dumphry,8/6/1961,M,PA2 9DD,S08000031,gdumphryz@hao123.com,+33 405 660 8885
1N6AD0CU7DN109312,Juliette,Von Salzberg,5/10/1943,F,IV2 7AN,S08000022,jvonsalzberg10@princeton.edu,+252 900 655 2643
1FTEW1E87AF562630,Madalyn,Pilger,4/5/2007,F,EH49 7RP,S08000024,mpilger11@umn.edu,+86 789 582 9591
JN1EY1AP6DM808371,Collete,Raddan,7/8/1980,F,FK6 5HQ,S08000019,craddan12@nhs.uk,+60 184 427 0806
WBADR63413G932001,Rudolf,Grills,12/25/1957,M,AB12 5EX,S08000020,rgrills13@sbwire.com,+86 875 769 5592
KMHEC4A43FA845641,Edee,Rouke,1/2/1991,F,IV2 4EH,S08000022,erouke14@123-reg.co.uk,+86 890 811 4514
WBXPC93457W839354,Mychal,Pepys,9/14/1953,M,PA18 6BS,S08000031,,+237 570 932 8368
WBAWL7C58AP588740,Adrien,Huegett,9/13/1956,M,AB56 4RL,S08000020,ahuegett16@weibo.com,+351 172 852 3388
1GYFC562X9R639870,Valery,Goulbourne,6/12/1949,F,EH14 1ET,S08000024,vgoulbourne17@mozilla.com,
3FA6P0LU0FR994846,Dill,Norwood,7/20/1978,M,G61 4RQ,S08000031,dnorwood18@icq.com,+351 844 906 9085
4T1BF1FK4EU222364,Therine,Riccardi,8/13/1991,F,DG9 0DU,S08000017,,+7 341 915 2733
WAURVAFDXCN243554,Gayle,Tidball,12/24/1958,M,DD5 1NP,S08000030,gtidball1a@slashdot.org,+234 608 747 8306
1FMJK1JT7FE070354,Andi,Cordey,8/24/2004,F,FK2 8LU,S08000019,,+62 234 947 7324
WAUHGAFC3EN221833,Dollie,Lidgett,7/18/1950,F,G63 9DD,S08000019,,+7 424 955 6725
3GTU2YEJ5DG195476,Yetty,De Mars,9/23/1972,F,PA2 0RH,S08000031,ydemars1d@apache.org,+267 848 932 7498
1N6AF0LX6EN565520,Jephthah,Isard,5/12/1990,M,KY14 7ST,S08000029,jisard1e@smh.com.au,+1 513 393 1071
JH4NA21624T701160,Filmore,Ashforth,4/29/1969,M,ML1 3HF,S08000032,fashforth1f@dailymail.co.uk,+1 330 151 8675
WAUNG94F19N848079,Jayme,Wysome,2/10/1963,M,PA6 7JH,S08000031,,+36 813 752 8491
WAUGL78E36A332108,Antonin,Langmuir,5/27/1995,M,G74 3HU,S08000032,,+63 193 657 7353
WAUDGAFL9BA069588,Jorie,Wolsey,11/5/1955,F,FK7 8ET,S08000019,jwolsey1i@yelp.com,+55 565 288 7691
5N1AN0NW9DN682447,Elvis,Vasilenko,3/31/1957,M,G52 3DU,S08000031,evasilenko1j@macromedia.com,
3VW8S7ATXFM709021,Nadia,Martinat,12/13/1951,F,AB51 0YP,S08000020,nmartinat1k@nationalgeographic.com,+86 683 984 9231
WBY2Z2C53EV825749,Tanitansy,Lummus,12/28/1956,F,IV30 1LW,S08000020,,+48 136 278 2105
1FMJK1F56BE719081,Peggi,Pavlasek,5/26/1990,F,EH54 6HZ,S08000024,,
WBAPH7G57BN643014,Foster,McLachlan,8/31/1956,M,PA11 3PB,S08000031,fmclachlan1n@umn.edu,+84 727 115 8320
1FTMF1C87AK415584,Cesare,Proudlock,3/9/1966,M,AB45 2LY,S08000020,,+55 191 111 0100
WAUDF78E16A322607,Bethena,Asch,8/20/1964,F,TD7 5JW,S08000016,basch1p@i2i.jp,+375 547 539 6230
YV1952AS9E1394596,Mirella,Kinnon,7/28/1971,F,KA27 8SH,S08000015,mkinnon1q@wiley.com,+86 219 475 4256
JTDKN3DU0A0041481,Cordell,McGaugan,3/13/1947,M,EH7 6HY,S08000024,cmcgaugan1r@patch.com,+86 598 254 7251
WVGDF9BP7ED378763,Lynette,Parkisson,11/20/2011,F,KY5 8AX,S08000029,lparkisson1s@elegantthemes.com,+507 580 208 7521
WA1CGAFE3DD957331,Maurizia,Zealander,3/22/2005,F,G40 4ES,S08000031,,+507 581 314 0338
JTEBU5JR7F5521747,Frederich,Fransemai,7/31/1948,M,EH15 1LW,S08000024,ffransemai1u@whitehouse.gov,
WAUDH48H07K351305,Rozalin,Harrell,5/12/1971,F,DG9 7TB,S08000017,rharrell1v@livejournal.com,
1FTEX1CM9BK129932,Celle,Loddon,1/19/1985,F,KY13 8DD,S08000030,cloddon1w@mozilla.com,+351 996 802 5400
WBANF73587C992494,Adan,Doige,8/7/2006,M,AB51 5HT,S08000020,,+54 924 816 3122
WBAYM9C59DD423979,Jocelin,Gale,10/2/2007,F,G81 1BD,S08000031,jgale1y@mozilla.com,+1 607 366 1429
1FBNE3BL9CD999541,Roman,Holmyard,1/24/1944,M,KA6 6EZ,S08000015,rholmyard1z@biglobe.ne.jp,+420 764 689 3424
WBAAX13454P396103,Virgie,Wyer,1/28/1956,F,AB12 3AX,S08000020,vwyer20@imgur.com,+374 480 551 9508
YV4940BL2D1699468,Brantley,Canning,10/6/1950,M,KA22 8NU,S08000015,bcanning21@irs.gov,+93 982 357 2952
2G4WE587481419488,Beaufort,Kmieciak,2/2/2007,M,G81 2HB,S08000031,bkmieciak22@flavors.me,
1FTSF3B54AE405491,Enriqueta,O'Henehan,5/24/1997,F,KY1 2EX,S08000029,eohenehan23@sohu.com,+420 878 830 3548
WBAEB53538C769829,Anestassia,Dressel,6/1/1945,F,KY15 7TU,S08000029,adressel24@umich.edu,+46 741 778 2281
1FMJK1H5XDE168363,Edgardo,Carnoghan,3/29/2007,M,DD3 8DT,S08000030,,+63 886 897 3603
1FTEX1C88AK330271,Meta,Nottingam,10/22/1947,F,ZE2 9AA,S08000026,mnottingam26@indiegogo.com,+20 778 737 2139
SCFFDCCD2CG719245,Rudolfo,Huzzay,11/12/1974,M,PA10 2PR,S08000031,rhuzzay27@pinterest.com,+86 143 260 2448
KM8JT3AFXEU758360,Jeromy,Polden,10/5/1975,M,G62 7NH,S08000031,jpolden28@bloglines.com,
19UUA56883A776529,Beatrisa,Morfett,10/8/1961,F,EH12 8QP,S08000024,bmorfett29@about.com,+7 291 428 8176
WBA4B3C53FD949139,Torrey,Munro,3/8/1985,M,IV36 3XP,S08000020,tmunro2a@opensource.org,+55 841 812 3361
WAUVC68E85A040678,Raphaela,Arnett,7/1/1966,F,PH2 7HY,S08000030,rarnett2b@e-recht24.de,+33 394 892 0478
1GD322CG5EF949071,Hartley,Caddies,5/5/1951,M,EH4 4HU,S08000024,hcaddies2c@who.int,+420 747 436 2561
1FTWX3B55AE926749,Maribel,Reader,12/5/1953,F,KA1 3AR,S08000015,mreader2d@oracle.com,+593 204 738 8158
SCFPDCGP4EG733160,Darcey,Knowling,8/10/2003,F,G81 3BU,S08000031,,+370 129 995 2789
YV1672MK6D2119074,Kayle,Weald,1/9/1950,F,ML8 4HN,S08000032,kweald2f@wikipedia.org,+55 194 255 0854
NM0AE8F74E1374702,Ranee,MacNeilly,1/1/1966,F,PA13 4RU,S08000031,rmacneilly2g@intel.com,
1G6AE5SX4F0444314,Trever,Browning,1/2/1997,M,DG8 7AA,S08000017,tbrowning2h@mozilla.com,+86 546 597 7095
WA1VMAFE1BD088422,Esmaria,Fadden,10/29/1940,F,ML11 9PN,S08000032,efadden2i@huffingtonpost.com,+66 122 587 1700
3D73Y4EL7AG091870,Jammie,Barbrook,2/6/1957,F,G65 9UQ,S08000032,jbarbrook2j@washington.edu,+62 218 646 8035
1HGCP2E30BA061208,Kelwin,Rendell,6/25/1940,M,KA13 7RD,S08000015,,+351 628 559 1350
WA1MKAFP0AA584704,Ardys,Windsor,7/1/2002,F,AB39 2HR,S08000020,awindsor2l@mlb.com,+51 472 930 7297
WAUHF78P78A187283,Melissa,O'Hartigan,11/19/1955,F,EH3 5LU,S08000024,mohartigan2m@goodreads.com,+1 720 284 6810
WAUMGAFL8AA383196,Stafani,Ratnage,9/30/1963,F,G61 2PY,S08000031,,+353 613 608 8380
WAUKF98P29A421512,Meg,Chatin,12/15/1994,F,PA23 8DF,S08000022,mchatin2o@berkeley.edu,+1 419 961 7349
1GYS3AEF7DR877910,Hanna,Filoniere,11/13/2005,F,EH10 4LE,S08000024,hfiloniere2p@cdc.gov,+63 850 935 9721
WAUEH48H27K257124,Elizabeth,Dilnot,8/27/1970,F,IV11 8UZ,S08000022,edilnot2q@sun.com,+86 887 294 5166
WA1VMBFE6BD918141,Karlee,Crambie,10/25/1996,F,G78 1LX,S08000031,kcrambie2r@dailymotion.com,+86 846 777 3118
WBSBL93466P532607,Daffie,Matignon,4/28/1961,F,PH1 1BJ,S08000030,dmatignon2s@prlog.org,+1 941 552 3271
JH4DC53895S436010,Donetta,Monketon,4/27/1951,F,KA21 6FD,S08000015,dmonketon2t@washingtonpost.com,+7 956 774 2778
WAUZL54B31N853310,Peri,Chilton,1/2/1991,F,G32 8PT,S08000031,pchilton2u@bizjournals.com,+86 646 302 9644
WAUAFAFLXEN137772,Trumann,Cudbertson,7/5/1991,M,AB53 4AT,S08000020,tcudbertson2v@netscape.com,+86 993 933 7218
2T1BU4EE0BC093961,Rollo,Duthy,8/27/2000,M,ML5 1QA,S08000032,rduthy2w@toplist.cz,
2C3CDYAG7DH981834,Quincy,Boughtwood,3/5/1978,M,IV2 6BE,S08000022,,+48 639 678 8805
WBA3R1C54EF738241,Cammy,Holburn,2/8/1959,F,KY12 9BD,S08000029,cholburn2y@twitpic.com,+86 784 727 2148
1G6AA5RAXE0008367,Lilian,Trustrie,6/3/1953,F,G67 2BG,S08000032,ltrustrie2z@arizona.edu,+30 156 106 4183
5TFCW5F10CX805548,Marjorie,Geely,8/16/1998,F,EH28 8NU,S08000024,mgeely30@sphinn.com,+81 404 205 6217
5N1AZ2MH1FN220017,Gian,Cadman,12/24/1947,M,KY7 9WE,S08000029,gcadman31@seesaa.net,+970 653 478 5015
SALFP2BN9BH104512,Nigel,Ziems,9/23/1955,M,G82 4LL,S08000031,nziems32@mysql.com,+55 888 747 3492
1G6AX5SX6F0174237,Clarey,Olexa,1/19/2010,F,DD11 2HX,S08000030,colexa33@phoca.cz,+386 134 470 6848
1G4CW54K854691021,Christine,Bough,2/10/1952,F,EH52 5LR,S08000024,cbough34@craigslist.org,+86 214 842 7083
1G6DG5EY4B0951266,Sibilla,Fennell,12/31/1943,F,AB42 4HQ,S08000020,sfennell35@booking.com,+1 761 383 4169
19VDE1F30DE258681,Frederique,Aickin,6/12/1954,F,EH16 5JN,S08000024,faickin36@mashable.com,
WAULFAFR2BA021675,Lindy,Wingham,1/15/1956,M,EH51 9BZ,S08000019,lwingham37@bigcartel.com,+62 809 394 3816
1FBAX2CMXFK255716,Aluino,Bushen,8/11/1992,M,AB11 5RJ,S08000020,abushen38@usnews.com,+66 993 208 3478
JM1CW2CL2F0311385,Ava,Halstead,11/25/1947,F,KA13 7QZA,S08000015,ahalstead39@cocolog-nifty.com,+377 578 336 7201
WP1AA2A23CL512413,Inglis,Licciardi,1/12/1984,M,AB42 1BN,S08000020,ilicciardi3a@cafepress.com,+33 244 809 7825
WBALL5C51EE131955,Barnebas,Rosone,6/1/2000,M,KA24 4LJ,S08000015,,+62 491 728 1929
SCBCR73W88C521380,Anderea,Arbon,6/23/1993,F,IV13 7YG,S08000022,aarbon3c@economist.com,+591 110 874 2244
1FAHP3HN0AW640312,Jedd,Yezafovich,10/19/1982,M,ML1 4JG,S08000032,jyezafovich3d@storify.com,+351 931 203 7301
1GYUCHEF4AR901383,Mitchell,Curtoys,7/21/2000,M,G64 1RS,S08000031,mcurtoys3e@intel.com,+1 919 205 3918
1FTMF1E85AF439680,Gaylor,Ditchett,1/29/1992,M,KY11 8BA,S08000029,gditchett3f@nytimes.com,+48 140 957 8098
WA1DMAFP9EA535243,Chaddie,Biesterfeld,9/18/1948,M,FK6 6EE,S08000019,cbiesterfeld3g@addtoany.com,+7 669 247 3784
4T1BF3EK0BU384646,Colby,Renouf,1/21/1948,M,G11 6LU,S08000031,,+86 731 536 0306
KMHTC6AD7DU454460,Garrett,Mallia,8/20/1990,M,G81 3AD,S08000031,gmallia3i@lycos.com,
KNDJT2A27D7909437,Monti,Moran,1/30/1975,M,PA2 6PW,S08000031,mmoran3j@kickstarter.com,+86 305 919 7919
3D4PG3FG8BT370251,Cheslie,Capron,1/13/1947,F,ML10 6QG,S08000032,ccapron3k@google.co.uk,+86 950 765 0973
1G6DM56T750864588,Jillana,Addie,12/5/1999,F,TD1 1JD,S08000016,jaddie3l@illinois.edu,
SAJWA4DC0EM567006,Tara,Semaine,7/26/1972,F,DG12 5HT,S08000017,tsemaine3m@cafepress.com,
1C3BC6EV7AN544141,Tristan,Blueman,6/21/1990,M,EH47 8NJ,S08000024,,+55 183 560 4704
YV140MAK9F1034007,Gilli,Cordova,11/20/1992,F,AB42 5DU,S08000020,gcordova3o@discuz.net,+373 104 883 4860
WBAEW53475P692785,Flint,Ivashintsov,7/19/1965,M,G75 0QR,S08000032,fivashintsov3p@imdb.com,+234 100 928 0422
1GYS4GEF4CR133079,Angel,Crenshaw,4/10/2006,M,KA13 7JQ,S08000015,acrenshaw3q@barnesandnoble.com,+86 275 573 5487
WBA3A5G51EN500572,Marcelo,McIlwrick,3/9/1944,M,IV30 8QR,S08000020,,
1G6DG577690188505,Gerard,Dixsee,12/20/1947,M,PA2 6SP,S08000031,gdixsee3s@creativecommons.org,+44 651 812 1696
1GYFK56299R756956,Clarinda,Seville,3/23/1962,F,DG9 0JL,S08000017,cseville3t@china.com.cn,
1G4PP5SK3F4512127,Orion,Magner,12/18/1949,M,PA8 6BX,S08000031,omagner3u@sun.com,+46 912 783 8820
1HGCR2E31FA510766,Tull,Lismer,4/3/1944,M,EH49 6NA,S08000024,,+505 261 388 3856
1C3CCBCB5CN550545,Sawyer,Bulstrode,6/30/1945,M,G13 3RP,S08000031,,+46 528 959 2184
1FADP3E2XFL058235,Milo,Kernoghan,3/5/1940,M,ML8 5JT,S08000032,,+420 142 255 6985
WUARL48H37K258949,Hanna,Hawler,7/2/1949,F,EH52 6UZ,S08000024,hhawler3y@oaic.gov.au,+55 548 435 4963
1G4GG5E38DF298726,Dave,Prator,11/25/1972,M,PA15 4NP,S08000031,dprator3z@flavors.me,+63 383 283 6241
1D7RW7GP0AS053181,Reiko,Leaton,9/12/1993,F,KY8 1JH,S08000029,rleaton40@lycos.com,+420 978 948 2898
WBANA73565B684547,Cristen,Maylin,12/22/1982,F,FK10 1QZ,S08000019,cmaylin41@mlb.com,+86 467 594 5469
1FADP3E23DL740936,Selig,Minchindon,2/16/1976,M,G78 4BJ,S08000031,sminchindon42@lulu.com,+86 426 589 2876
WAUKF98E86A966060,Toiboid,Yanne,7/29/1969,M,G60 5EA,S08000031,tyanne43@bloglovin.com,+86 703 313 3841
1FTEW1CM0CF293096,Chantalle,Sharrier,9/16/1954,F,ML6 8QG,S08000032,csharrier44@posterous.com,
JM1GJ1T51F1108557,Elga,Hatto,2/12/1993,F,DD1 3DA,S08000030,ehatto45@washington.edu,+1 806 127 6094
WBA3A9G56FN685405,Hardy,Lehemann,3/13/1997,M,KA11 1NJ,S08000015,hlehemann46@mozilla.com,+62 460 873 0178
WAUGL68E05A340367,Harald,Jarrel,11/8/2003,M,G65 9AJ,S08000032,,+62 364 135 0412
1GYS4UKJ6FR663520,Wally,Hasslocher,9/27/1984,M,G66 8JL,S08000031,whasslocher48@google.pl,+30 322 227 7349
5LMJJ2H56DE041246,Maurie,Raddish,10/16/2010,M,ML10 6ND,S08000032,mraddish49@rambler.ru,
JN8AE2KPXB9712885,Farr,Ricson,2/6/2008,M,EH54 6HD,S08000024,,+372 269 350 1708
2C3CA4CG8BH575895,Forrester,Lube,6/13/2008,M,G4 9HU,S08000031,flube4b@sun.com,+48 743 568 9595
KM8NU4CC8CU076002,Gregg,Arndt,12/12/1971,M,G13 1RX,S08000031,garndt4c@mysql.com,+1 704 998 6963
JH4CU26659C557599,Eldin,Abelwhite,9/30/1976,M,DD3 8AE,S08000030,,+62 713 247 5321
SCFAD01A46G951707,Effie,Jertz,3/30/1975,F,AB10 6AX,S08000020,ejertz4e@sourceforge.net,+62 379 106 2240
1G6DJ1ED2B0519654,Doy,Wildblood,7/7/2009,M,AB30 1NN,S08000020,dwildblood4f@canalblog.com,+86 739 494 7803
WBAHN83526D672408,Luciano,Slimon,12/21/1983,M,KY16 8EN,S08000029,,
WAUWFAFL1BA746046,Kirsteni,Nice,7/22/1975,F,IV30 5ST,S08000020,knice4h@g.co,+86 768 325 4293
5FRYD4H91GB214622,Godfry,Liverseege,10/28/1973,M,G42 8LE,S08000031,,+1 303 657 5302
KMHTC6AD7DU364872,Pearla,Birdfield,7/8/1972,F,AB16 6UL,S08000020,pbirdfield4j@ovh.net,+86 699 597 2963
19UUA9F22EA761451,Ermina,Smullin,7/17/2006,F,G71 8JH,S08000032,,
4T1BF1FK9FU513072,Allyce,Lammertz,6/23/1969,F,G65 0EB,S08000032,,+55 815 440 2176
5TDBK3EH2DS649417,Yettie,Dudson,3/23/1993,F,EH10 6EW,S08000024,ydudson4m@gravatar.com,+373 391 260 7378
1C3CDZBG8CN333106,Abbott,Rohlfs,11/22/1997,M,FK15 0JZ,S08000019,arohlfs4n@google.nl,+86 572 684 5064
1G6DM57N640551952,Marya,Axell,11/23/2002,F,IV30 5PN,S08000020,,
KNDMG4C71B6251445,Maxwell,Undrell,4/24/1952,M,IV19 1HP,S08000022,mundrell4p@i2i.jp,+86 538 767 5939
1GT022CG4EF376347,Idelle,Gras,11/14/1991,F,ML6 6LZ,S08000032,igras4q@craigslist.org,+1 317 532 4718
WVWAN7AN5DE097293,Valma,Treversh,8/8/1969,F,G78 3DH,S08000031,vtreversh4r@who.int,
1FTEX1E8XAK382224,Bryana,Guilayn,1/21/1967,F,PH1 2QS,S08000030,bguilayn4s@craigslist.org,+98 930 707 7018
WAUHFBFLXDN418800,Dannel,Hardinge,4/16/1965,M,DD2 5JA,S08000030,,+7 896 863 7879
2C4RDGCG1FR982259,Ric,Kildahl,8/30/1977,M,G11 5AN,S08000031,rkildahl4u@bloglovin.com,+86 186 873 6777
5LMJJ2H50AE776946,Siobhan,Layton,4/8/1980,F,DD4 0SB,S08000030,slayton4v@furl.net,+256 781 373 8243
19XFA1E86AE798914,Eward,Normavill,5/19/1972,M,ZE1 0SE,S08000026,,+30 988 317 1667
WBSWL93598P088264,Darryl,Loughren,2/20/1946,M,ML11 8EQ,S08000032,dloughren4x@blogspot.com,+48 324 586 3629
1GYFC66818R570429,Nicolais,Eggle,11/15/1982,M,G74 2HT,S08000032,neggle4y@economist.com,+55 843 196 6387
1GKKRNEDXCJ961666,Tiffi,Wilhelmy,3/21/2004,F,EH11 4PH,S08000024,,
1FTWW3B55AE237037,Shannon,Toller,12/25/1941,M,PH1 3JR,S08000030,,+86 109 811 3545
JHMZE2H35ES067836,Waneta,Kimbrough,4/2/1998,F,KY15 7LS,S08000029,,+86 539 717 2242
KMHEC4A40FA469545,Tyrus,Darco,10/14/1955,M,EH26 9AG,S08000024,tdarco52@bbb.org,+53 856 725 7823
WAUVC68E93A063559,Briny,Meacher,11/2/1959,F,G33 6LQ,S08000032,bmeacher53@elpais.com,+86 477 778 1532
2G4WE587081589475,Tabitha,Vick,11/5/1982,F,G78 1SZ,S08000031,tvick54@wikipedia.org,
WAUMK98K59N997516,Alf,Shoorbrooke,1/29/1961,M,FK2 8RG,S08000019,ashoorbrooke55@wikia.com,
1FBNE3BL7CD250351,Dionis,Pioli,8/21/1998,F,FK10 1QZ,S08000019,dpioli56@simplemachines.org,+58 674 521 6157
SCBET9ZA4F8041029,Shannan,Fortoun,10/14/1990,M,EH49 6GZ,S08000024,,+86 237 745 4567
1G4PP5SK0F4004374,Shanie,Hobden,2/25/1998,F,DD7 7BZ,S08000030,shobden58@hexun.com,+373 991 991 0958
3D7JV1EP9BG819272,Rosella,Drinkall,8/19/1971,F,EH3 6LA,S08000024,rdrinkall59@joomla.org,+351 232 736 7565
WBAGG83421D939195,Vanny,Shimon,3/28/1997,F,ML7 5BT,S08000032,,
WAUHFAFL4AN595753,Fanny,Trewinnard,8/23/2007,F,AB41 8SD,S08000020,,+375 191 568 3275
2C3CCAET4CH563103,Corey,Shory,5/13/1999,M,TD9 0HW,S08000016,cshory5c@biblegateway.com,+86 807 384 8688
1N6AA0EK7FN600163,Lockwood,Trelevan,3/30/2008,M,G83 0HN,S08000031,,+504 499 366 5811
WVWED7AJ9AW436063,Leroi,Stollberg,9/27/1989,M,TD6 9JA,S08000016,lstollberg5e@shutterfly.com,+86 667 587 8190
WAUWGAFC7DN088175,Grady,Gotch,2/22/1986,M,EH10 7AF,S08000024,ggotch5f@google.fr,+62 698 900 9873
WBAPK7C56BF165461,Nina,Futter,11/15/1962,F,FK15 9DX,S08000019,nfutter5g@geocities.com,+86 971 709 3064
WBAGN83515D351485,Elberta,Sketch,1/29/1969,F,G44 5EY,S08000031,esketch5h@drupal.org,+86 760 508 9338
YV1382MW4A2752767,Elyn,Di Franceshci,1/15/1954,F,KA21 5BE,S08000015,edifranceshci5i@google.com.br,+46 355 274 3991
SCBGU3ZA1EC278091,Iosep,Szwarc,9/15/1980,M,G33 2LD,S08000031,iszwarc5j@ovh.net,+48 721 933 4824
19UUA755X7A383205,Mark,Blonden,7/2/1966,M,ZE2 9EE,S08000026,mblonden5k@miibeian.gov.cn,+55 692 479 5823
1G6DM56TX50420797,Elbert,Jantet,9/11/1950,M,G65 9AP,S08000032,ejantet5l@1und1.de,+380 162 235 1430
WA1LGAFE8CD468065,Star,Orteaux,6/18/1970,F,PA33 1BX,S08000022,sorteaux5m@berkeley.edu,+86 777 844 7524
WAUEFAFL7EN228208,Arturo,Wilmott,4/15/1961,M,TD10 6YE,S08000016,awilmott5n@amazon.co.jp,+385 447 142 2124
JTDKN3DU6A0891048,Stillmann,Donne,7/2/1964,M,PA6 7AA,S08000031,,+60 484 127 5631
WAU4FBFL6AA447471,Conrado,Dislee,6/6/1957,M,AB45 1EH,S08000020,cdislee5p@zdnet.com,+57 521 220 0743
5N1AA0ND3FN115485,Nels,Rosenwald,9/6/1989,M,G53 7HJ,S08000031,nrosenwald5q@goodreads.com,+86 139 420 6450
1D7RE3GKXBS368118,Hyacinthie,Chiverstone,1/5/1971,F,G76 8SA,S08000031,,+52 872 508 8979
WAUJC68E55A550968,Janna,Mazzey,2/22/1970,F,DG8 6SU,S08000017,jmazzey5s@alexa.com,+252 523 992 5415
WAUWGAFB6BN353267,Rutledge,Deary,11/25/1957,M,KW17 2JD,S08000025,,+386 271 755 6592
WAUMGBFL6BA089626,Jemmy,Domleo,1/12/1963,F,AB15 9ED,S08000020,jdomleo5u@wikipedia.org,
1GKS1GEJ8BR812634,Gratia,Kensy,5/21/1954,F,EH11 3BF,S08000024,gkensy5v@buzzfeed.com,+507 578 454 4247
WAUEFBFL3CN996352,Ardelis,Cundey,7/15/1951,F,AB51 3RN,S08000020,acundey5w@cocolog-nifty.com,+351 381 432 9720
WAUDH78E98A108302,Clemmy,Tuttiett,12/31/1940,M,PH33 6AD,S08000022,ctuttiett5x@usnews.com,+230 108 132 1982
JTDZN3EU7D3431882,Sammie,Mogie,9/1/1971,M,EH48 2QW,S08000024,,+86 163 629 2819
WBAEU33432P812359,Mellicent,Folan,6/23/1948,F,PA2 0JW,S08000031,mfolan5z@google.ca,+81 741 606 8220
YV126MFC7F2006823,Benjie,MacNamara,11/14/1978,M,ML11 8SY,S08000032,,+1 616 295 5864
JTEBU5JR6E5626505,Arney,Sinkinson,5/11/1991,M,DD7 7AB,S08000030,asinkinson61@gov.uk,+46 876 906 1715
WDDPK4HAXEF191983,Nathanael,Klima,5/30/1968,M,AB41 8TF,S08000020,,
1FTWX3B5XAE832480,Ewan,Inkle,7/23/1969,M,EH4 3AZ,S08000024,einkle63@parallels.com,+420 946 387 1229
1GYEC63T63R610999,Ronnie,Rist,1/6/2007,F,PA15 4EJ,S08000031,rrist64@wordpress.com,+62 293 611 8727
SALAC2D45BA288334,Denis,Harryman,10/23/1991,M,G52 2QE,S08000031,dharryman65@ucoz.ru,+46 331 308 5166
2T1BPRHE1FC285413,Philip,Conkling,6/9/2005,M,PA10 2JT,S08000031,,+7 757 420 3170
1B3CB1HA4AD901023,Timothee,Doig,3/1/1954,M,KA10 7LS,S08000015,tdoig67@zimbio.com,+964 886 262 7131
WBANF33517C789455,Madalena,Jeakins,11/23/1988,F,AB25 3TR,S08000020,mjeakins68@nymag.com,+51 757 687 3209
WAUDFBFL2AN446102,Sasha,Djordjevic,10/18/1952,M,G72 7LR,S08000032,sdjordjevic69@sun.com,+34 431 166 7917
WAUKGBFBXAN729956,Vincenty,Yellowley,11/11/1948,M,AB51 5RL,S08000020,vyellowley6a@arizona.edu,
1FTMF1CW0AK620520,Murry,Domnin,7/2/2007,M,HS1 2NQ,S08000028,mdomnin6b@fda.gov,+86 340 992 9977
1G4GD5G3XFF355842,Ardeen,Ebbrell,4/20/1942,F,KA8 0SP,S08000015,aebbrell6c@china.com.cn,+86 903 559 9532
1FTMF1E86AK280160,Vina,Keppel,9/2/1979,F,G78 2DX,S08000031,vkeppel6d@harvard.edu,
4T3BA3BB0CU286440,Sanderson,Wollen,8/11/1960,M,EH1 1LU,S08000024,,+420 851 508 4062
3GYFNGE39ES717739,Alison,Cowlam,1/24/1952,F,KY11 1AL,S08000029,acowlam6f@webs.com,+1 941 550 3194
1N6AF0LY7FN033929,Clem,Clemett,10/18/1990,F,G69 8FY,S08000032,cclemett6g@typepad.com,+62 444 461 7050
WAUVC68E25A574839,Dorey,Tsarovic,11/21/1976,F,EH45 9AL,S08000016,dtsarovic6h@geocities.jp,+62 851 300 1482
WBAGN83444D118173,Gordon,Bresman,2/19/1990,M,KA7 3HP,S08000015,,+880 787 541 1515
1D7CW3BK6AS105794,Idette,Elfitt,8/25/1987,F,DD3 9BL,S08000030,ielfitt6j@sogou.com,+62 740 416 6966
WBAWC33547P703318,Avivah,Goodman,3/1/1970,F,PA31 8SY,S08000022,,+86 429 217 8500
JM1BL1K38B1179754,Glynnis,Mennear,12/17/1973,F,PH4 1QB,S08000030,,+976 299 624 5416
1G6AB1R33F0433373,Amble,Proctor,1/24/1959,M,PH33 7BG,S08000022,aproctor6m@nps.gov,+1 797 171 8125
JTHBW1GG2F2092966,Upton,Devita,4/20/1988,M,KY10 2RD,S08000029,,+225 371 410 6834
19UUA75677A690176,Florina,Dowdeswell,4/11/1941,F,PH2 8LS,S08000030,fdowdeswell6o@cisco.com,+33 384 449 6381
WAUDGBFL4AA518003,Marcille,Macer,11/18/1979,F,EH11 3HH,S08000024,mmacer6p@bbc.co.uk,+62 107 188 0090
1FTSF3A55AE920663,Laryssa,Escofier,3/10/1958,F,EH48 2HR,S08000024,lescofier6q@xinhuanet.com,+86 192 535 2371
JM3TB2CA3F0189329,Cecilius,Hanshaw,7/19/1978,M,IV6 7SF,S08000022,chanshaw6r@php.net,+39 947 995 3044
2HNYD2H69DH602869,Elmo,Elcom,11/14/1989,M,DD3 6SZ,S08000030,eelcom6s@hubpages.com,+46 241 641 5864
WBA5B1C58ED967109,Malissa,Stachini,3/3/1960,F,EH21 7TR,S08000024,mstachini6t@shutterfly.com,+250 772 911 7133
WBANV13598B855720,Hernando,Padefield,10/12/2005,M,FK7 7EG,S08000019,hpadefield6u@hostgator.com,+226 537 468 3924
5XXGM4A72CG453416,Bevin,Wilce,8/25/2000,M,AB55 6YB,S08000020,,+86 314 190 0312
KNAFT4A25B5816116,Scarlett,Dumbreck,7/2/1982,F,KY11 2RB,S08000029,sdumbreck6w@alibaba.com,
2T1BU4EE6BC574801,Boyd,Sutheran,3/29/2008,M,PA75 6QW,S08000022,,+63 831 964 4442
2B3CK2CV5AH065015,Merissa,Marte,3/29/1958,F,EH11 2RS,S08000024,mmarte6y@php.net,+63 741 874 2433
WBALL5C50EJ264570,Ashil,Smither,6/10/1946,F,DD11 1AY,S08000030,asmither6z@tuttocitta.it,+506 750 937 0860
3C6JD7EP7CG720457,Dorice,Lymbourne,7/25/1955,F,KA12 9ES,S08000015,dlymbourne70@yale.edu,+55 222 298 8799
1G4HH5E9XAU171327,Shaw,Murty,9/11/2000,M,PA5 0NT,S08000031,smurty71@usda.gov,+86 568 855 2048
WBAEN33404P072138,Lolly,Eickhoff,9/26/1980,F,AB42 3QA,S08000020,leickhoff72@freewebs.com,
1GYS3BEF9ER402802,Pietrek,Reddle,1/20/1988,M,EH33 1FL,S08000024,preddle73@examiner.com,
WAUAH74F37N550923,Danny,Gaiford,8/15/2005,M,IV2 5BY,S08000022,dgaiford74@simplemachines.org,
3VWAL7AJ7AM941615,Reid,Quinell,2/17/1990,M,FK2 7BZ,S08000019,rquinell75@google.nl,+33 141 945 8348
3VW4T7AT1EM275145,Zacharie,Bowery,7/31/1942,M,KY8 6ES,S08000029,zbowery76@jiathis.com,+225 973 196 9231
SALGR2VF9EA017273,Otha,Antognelli,7/1/1977,F,AB10 7AZ,S08000020,oantognelli77@stanford.edu,+86 624 452 7484
KNALW4D44F6094581,Shandee,Mockford,12/7/1999,F,KA27 8EW,S08000015,smockford78@theguardian.com,+351 185 534 6347
WBA3G7C5XEF123363,Kelwin,Ricardot,1/8/1991,M,G65 9LR,S08000032,kricardot79@friendfeed.com,+886 381 287 2131
1GYS4DEF0ER037774,Berkley,Orgee,5/5/1951,M,G62 8EP,S08000031,,+51 423 569 6033
WBANF33527C829042,Wilone,Coultass,9/21/1951,F,PH1 3TB,S08000030,wcoultass7b@edublogs.org,+46 628 943 8476
1N6AD0CU4CN525610,Anthiathia,Porte,7/13/1940,F,IV12 5YA,S08000022,aporte7c@creativecommons.org,+86 579 431 1572
1GYEK63NX3R525233,Eirena,Conkie,5/25/1997,F,G15 8AF,S08000031,econkie7d@un.org,+352 412 431 6756
WBALX5C56CC661576,Latrina,Chazotte,11/15/1990,F,KY7 5JU,S08000029,lchazotte7e@huffingtonpost.com,+62 870 626 4538
2FMGK5D80FB558226,Ned,Ledram,2/15/2006,M,G81 3PX,S08000031,nledram7f@wiley.com,+81 543 183 9236
3VW467AT5CM399083,Arnaldo,Huckle,4/23/1974,M,ML1 3DP,S08000032,ahuckle7g@gmpg.org,+63 509 507 1481
1FTNF2A59AE567402,Peder,Oguz,10/17/1985,M,PA2 7NN,S08000031,poguz7h@usnews.com,+86 471 117 8519
19UYA42552A274762,Jedidiah,Linklet,10/20/1979,M,IV12 4SS,S08000022,jlinklet7i@google.co.uk,+51 409 663 7196
1J4NF1GB5AD231711,Miller,Scutt,10/7/2011,M,TD9 9JN,S08000016,mscutt7j@privacy.gov.au,+55 622 159 8679
WBALZ5C59CD150643,Anderea,Firidolfi,8/30/2003,F,IV9 8QQ,S08000022,,+81 589 834 7924
SAJWA0F75F8928281,Andres,Overnell,3/31/1960,M,G23 5DB,S08000031,aovernell7l@sina.com.cn,+966 361 785 2174
WBAYE8C5XED839533,Falito,Dearnaley,12/1/2007,M,G72 7ZJ,S08000032,,
KNDMG4C79C6385024,Eamon,Hapgood,3/7/1942,M,EH17 8GJ,S08000024,ehapgood7n@utexas.edu,+66 400 263 1915
WA1YD64B94N024998,Levey,Parkhouse,2/4/1984,M,AB30 1DD,S08000020,lparkhouse7o@huffingtonpost.com,+966 689 241 4803
WBAVT13536K854114,Byran,Domenget,7/21/1954,M,ML3 7DD,S08000032,bdomenget7p@google.nl,+86 232 533 1389
WVGAV3AXXDW924205,Dani,Christopherson,9/2/2004,F,DG11 3NF,S08000017,dchristopherson7q@hao123.com,+46 640 338 4348
5N1AN0NU4CC240443,Maxi,Loins,2/14/1974,F,AB54 8TS,S08000020,mloins7r@topsy.com,+86 226 492 0550
1G6DE1E31E0755986,Bogart,Heaps,7/28/1940,M,FK2 8SN,S08000019,bheaps7s@com.com,+86 926 780 6906
3VWKP7AJ0DM989695,Murvyn,Colenutt,2/14/1983,M,ML2 0AY,S08000032,mcolenutt7t@reference.com,+967 436 586 6968
WBA3A9G54DN612336,Shela,Samsworth,3/24/2000,F,EH32 0BL,S08000024,ssamsworth7u@bravesites.com,
WVWED7AJ7DW030206,Hephzibah,Scadding,8/21/2004,F,FK2 9UH,S08000019,,+86 348 466 0552
1LNHL9DRXBG126038,Jessamine,Sanday,7/26/1962,F,EH16 6YH,S08000024,jsanday7w@unesco.org,+970 935 666 8879
WBAWC33559P520335,Sigismondo,Ellgood,5/4/1963,M,PA29 6UT,S08000022,sellgood7x@smugmug.com,+86 491 677 6688
WBA3A9C59DF573355,Sonni,Greenin,6/25/1955,F,DD10 0BH,S08000020,sgreenin7y@marketwatch.com,+57 391 550 0443
1C4RDJAG0CC995508,Murray,Reville,11/14/1971,M,G33 1SHB,S08000031,mreville7z@earthlink.net,+27 403 404 4898
1G4HP57277U172902,Kim,Boost,12/2/1960,F,G33 5HT,S08000031,kboost80@boston.com,
WA1LKBFPXAA110261,Cullie,Edmonston,7/21/1997,M,IV12 5BX,S08000022,cedmonston81@sun.com,+86 484 785 7590
WAUSF78E67A133301,Orly,Leet,6/10/1977,F,FK12 5NY,S08000019,oleet82@cafepress.com,+86 865 508 4707
1HGCR2E7XFA201770,Frederigo,Rotge,10/26/1991,M,G3 7SE,S08000031,frotge83@chronoengine.com,+62 143 911 7480
WAUSG94FX9N106573,Lizabeth,Hadcroft,7/31/1964,F,G71 7FU,S08000031,lhadcroft84@google.es,+86 111 707 0830
1GYEE53A490313892,Kippar,Ayree,12/16/1982,M,G84 9EJ,S08000022,kayree85@goodreads.com,+86 114 461 6564
1G6AB5RAXD0597223,Darn,Battson,10/22/1983,M,G46 6UT,S08000031,dbattson86@constantcontact.com,+30 443 882 4646
2C3CDXJG8FH727112,Durante,Tomankiewicz,10/1/1948,M,KA10 6PU,S08000015,,+46 226 373 7404
3D73M3HL1BG869082,Teresina,Mallon,2/27/1964,F,EH3 9EF,S08000024,tmallon88@clickbank.net,
KM8NU4CCXCU372011,Frederigo,Russe,5/3/1993,M,EH22 1GE,S08000024,,
SCFAD02A88G464236,Jana,Gendrich,1/23/1940,F,ML11 9FS,S08000032,,+234 601 318 9676
5NPDH4AE3CH461020,Odette,Mounsie,9/29/2004,F,FK13 6QF,S08000019,,+352 799 562 5505
1GYUKBEF3AR953698,Yvonne,Baybutt,2/18/1941,F,ML12 6TP,S08000032,ybaybutt8c@facebook.com,+33 855 163 1118
WAUWMAFC2FN335971,Earvin,Andriuzzi,12/14/2009,M,PH3 1FW,S08000030,eandriuzzi8d@symantec.com,
WAULD54B22N928289,Earle,Marsland,12/24/1940,M,IV26 2XT,S08000022,emarsland8e@ftc.gov,+63 518 511 9440
1G6AT5S31E0364079,Avery,Presshaugh,4/6/1948,M,FK14 7EY,S08000019,apresshaugh8f@census.gov,+86 757 359 8907
WAUEH98E18A968839,Lewes,Althrop,8/21/1962,M,EH16 6EZ,S08000024,lalthrop8g@stanford.edu,+86 998 223 9293
KL4CJCSB8EB831794,Ethelda,Gorelli,7/27/1963,F,G21 1RU,S08000031,egorelli8h@businessinsider.com,+55 848 925 0906
1FMJK1J59AE530253,Gareth,Lowless,6/17/1988,M,FK3 9JS,S08000019,,+264 378 783 4456
2HNYD18421H789683,Logan,Ghiriardelli,7/3/2010,M,DG6 4PQ,S08000017,lghiriardelli8j@google.nl,+48 894 186 7113
WAUEF98E08A942951,Jo,Nesby,4/8/1964,F,KY11 8FQ,S08000029,jnesby8k@cnbc.com,+51 792 607 1918
1FMEU3DEXAU253881,Flossie,Paddington,8/13/1952,F,IV31 6NQ,S08000020,fpaddington8l@biblegateway.com,+375 728 805 8086
4A31K3DT1BE492836,Berti,Lesly,10/8/1982,F,PA42 7DH,S08000022,blesly8m@ifeng.com,+66 568 876 4424
WAUFFAFL6BN045172,Monro,Exter,7/16/1948,M,IV30 6GW,S08000020,,+255 314 915 8176
1GKS1AE08CR355779,Rance,Copin,8/24/2009,M,PH2 6AB,S08000030,,+371 746 618 0359
1C4RDHDG9CC763803,Rina,Matz,7/4/1986,F,TD4 6AW,S08000016,rmatz8p@so-net.ne.jp,+1 908 161 9571
SCFBB04B17G523092,Auguste,Manthroppe,1/16/1965,F,G32 7EL,S08000031,amanthroppe8q@symantec.com,+55 555 990 3797
1G4PT5SV8D4620665,Rikki,Bragge,8/25/2000,M,G5 8QF,S08000031,rbragge8r@toplist.cz,+63 787 386 4112
WBA3C1C56FK097393,Shayna,Sleet,3/10/1990,F,ML8 4EW,S08000032,ssleet8s@npr.org,+351 436 180 6696
5BZBF0AA7FN656058,Hamlen,Menary,10/24/1951,M,AB53 8AG,S08000020,,+358 861 765 9248
3D7JB1EP3AG511232,Elita,Barnet,2/22/2004,F,EH54 7BG,S08000024,,+86 623 611 0231
WDCYC3HF0CX017620,Marin,Dabernott,7/25/1968,F,KY13 9HD,S08000030,,+86 880 935 8726
WBADR63412G536570,Isidor,Ughi,4/19/1975,M,HS6 5DT,S08000028,iughi8w@geocities.jp,+54 368 865 9085
WUARU78E57N196103,Ava,Goodlet,4/23/1956,F,AB54 7PL,S08000020,agoodlet8x@adobe.com,+81 495 347 6380
4F2CY0C7XAK819330,Cobbie,Scanderet,4/15/1997,M,EH3 8JB,S08000024,cscanderet8y@taobao.com,+7 654 561 3849
WA1CMBFP9FA123889,Shepard,Cochern,1/1/1947,M,PH6 2PD,S08000030,scochern8z@squidoo.com,+33 779 197 9620
JHMZF1D44CS866851,Pancho,Keslake,7/17/1996,M,TD6 9PY,S08000016,pkeslake90@msu.edu,+57 683 222 6786
2B3CJ5DT2AH168409,Yulma,Mendes,7/10/1983,M,IV31 6PF,S08000020,ymendes91@woothemes.com,
WA1DGBFP8DA257835,Demetria,Masden,12/9/1973,F,ML3 7PG,S08000032,dmasden92@prlog.org,+66 949 412 0322
SAJWA4DC4AM683822,Jephthah,Faircloth,2/11/1973,M,AB54 7UY,S08000020,jfaircloth93@discuz.net,+34 140 212 8488
WAULF78K69N998386,Tommie,Canniffe,5/20/2010,F,TD4 6DE,S08000016,tcanniffe94@smh.com.au,+55 629 572 7120
WAUHF98P28A298934,Melisse,Corneil,4/19/2006,F,KA2 9HP,S08000015,mcorneil95@apple.com,+55 493 674 3636
5N1AA0NC2BN265007,Erhard,Pifford,4/11/2011,M,G77 6GZ,S08000031,epifford96@wix.com,+380 288 787 3091
WDDHH8JBXFB897888,Sasha,Nellis,12/13/1999,F,EH4 2QS,S08000024,snellis97@springer.com,+86 994 660 7975
1N6AF0KY7EN525196,Marj,Strauss,4/24/1960,F,G31 4AQ,S08000031,mstrauss98@tripadvisor.com,+86 128 985 1058
2C3CDYAG9DH590992,Hershel,Yearsley,4/4/1975,M,DD8 2TD,S08000030,,+82 554 620 1483
JN1AJ0HP5AM193973,Abdul,Perren,7/13/1953,M,FK2 9SZ,S08000019,aperren9a@studiopress.com,+234 622 645 4840
2G61N5S30D9342556,Dill,Vassman,6/3/1952,M,EH4 3PN,S08000024,dvassman9b@live.com,+370 200 128 5274
WAUAF78E16A332069,Eddy,Crickmore,4/30/2008,M,DG9 8AB,S08000017,ecrickmore9c@mapquest.com,+351 188 283 1235
WAUNF78P27A936833,Luce,Eltune,11/11/1998,M,PA3 9SS,S08000031,leltune9d@paypal.com,+62 916 619 0942
1C4RJEAG7EC189216,Ameline,Simenel,1/2/1996,F,G40 2NS,S08000031,asimenel9e@about.me,+46 412 265 4566
WA1LGAFE0DD510777,Andrea,Aleshkov,12/1/1952,F,DG6 4AP,S08000017,aaleshkov9f@bbb.org,+507 593 271 0512
JH4NA21654T948253,Penni,McKew,9/24/1988,F,KY7 6FX,S08000029,pmckew9g@yolasite.com,+505 833 221 9442
3VW517AT6FM684656,Karita,Crunden,2/4/1956,F,PH14 9QQ,S08000030,kcrunden9h@europa.eu,+504 435 944 3531
WBAPK7C59AA635364,Fredek,McWhirter,4/7/1951,M,TD1 2RP,S08000016,fmcwhirter9i@wp.com,+86 802 357 7461
SAJWA4DB8DL557786,Alvera,Twaits,3/9/1953,F,KA26 0TG,S08000015,,+48 698 407 9655
SCFAB02A96G332993,Rodie,Sanchiz,10/3/1998,F,PH1 3QU,S08000030,rsanchiz9k@reuters.com,
YV4902DZ9D2092180,Cherry,Mityashin,1/24/1966,F,DD11 3AZ,S08000030,cmityashin9l@indiegogo.com,+62 436 950 9523
SCBGT3ZA0DC622494,Velvet,Reubbens,2/28/1948,F,KA4 8JL,S08000015,vreubbens9m@blogspot.com,+57 681 739 0022
SCBLC43F36C123541,Gustavus,Renfrew,12/5/1999,M,FK1 5LB,S08000019,grenfrew9n@php.net,+1 202 337 6741
JN1AZ4EH3CM002874,Loella,Glassman,9/18/1941,F,DG5 4JJ,S08000017,lglassman9o@list-manage.com,+86 655 685 3645
2G4WS52J441769288,Turner,Bytheway,11/3/1999,M,G74 3QZ,S08000032,tbytheway9p@php.net,+62 172 234 3934
5N1AR2MMXFC906307,Morgan,Glason,1/25/1968,M,DG8 7BB,S08000017,mglason9q@ow.ly,+63 442 615 7768
1G6DE5E5XD0420569,Chic,Verheijden,2/15/1998,M,PA19 1DN,S08000031,,+62 647 958 8031
WBANW53509C443475,D'arcy,Scurrah,4/23/1947,M,PH1 3HP,S08000030,dscurrah9s@tinyurl.com,+53 543 541 4861
JH4DC53806S455367,Brew,Biscomb,5/20/2001,M,G82 5NT,S08000022,bbiscomb9t@wikispaces.com,+86 621 354 3588
KL4CJGSB2EB789288,Ariel,Scimone,1/9/1976,M,PA72 6JB,S08000022,,+81 420 449 7497
1N6AF0LX9EN727348,Bernarr,Woloschinski,2/27/1982,M,EH1 3HY,S08000024,,+30 476 617 9384
3C63DRGL8CG492905,Reagen,Leefe,8/24/1953,M,FK1 4AA,S08000019,rleefe9w@sitemeter.com,+48 100 853 3957
JTHBB1BA6C2532732,Reagen,Leinweber,5/16/1949,M,KA9 1DE,S08000015,rleinweber9x@soundcloud.com,+7 956 935 5873
2HNYB1H67CH672286,Mendie,Todman,1/31/1959,M,G61 1NF,S08000031,mtodman9y@yellowpages.com,+420 450 730 8053
3GYFNCEY0BS219686,Rooney,Vasilechko,9/24/1950,M,KA24 4AN,S08000015,rvasilechko9z@va.gov,+7 138 812 5255
5J8TB4H59GL533036,Patrizia,Chown,2/11/1950,F,EH22 3LW,S08000024,pchowna0@hhs.gov,+30 393 948 5932
WBAPH7C58BA998951,Elias,MacKnight,1/13/2009,M,EH3 6NU,S08000024,,+267 273 247 2370
WVGAV7AX4BW232316,Ephrayim,Tropman,1/26/1998,M,KA21 5ER,S08000015,etropmana2@usnews.com,+55 361 502 6023
WBABS53442J778889,Ambrose,Francescone,8/25/2010,M,G51 4HU,S08000031,afrancesconea3@artisteer.com,
WBAFZ9C50DD478250,Vincenz,Savell,9/27/1957,M,IV30 5UE,S08000020,vsavella4@cnn.com,+385 412 885 1054
JN1AZ4EH0AM298806,Kevan,Cecely,3/28/2003,M,ML1 1BB,S08000032,kcecelya5@histats.com,+7 540 112 5800
WAUKFAFL5CA289256,Jody,O'Sharry,12/20/2004,M,DD8 4PE,S08000030,,+81 477 423 4500
KNAFU5A25B5140432,Korie,Dinzey,9/19/1970,F,AB41 7DG,S08000020,kdinzeya7@mozilla.com,+55 254 361 9129
WAUDK78TX8A295064,Hernando,Goodridge,2/3/1971,M,G69 0NP,S08000032,,+52 188 146 1327
WAUEH98E66A870550,Myrtice,Harold,8/7/1977,F,G20 9JD,S08000031,mharolda9@ebay.com,
19UUA76698A374858,Sarette,Baugh,11/28/1962,F,AB52 6GD,S08000020,sbaughaa@walmart.com,+359 615 596 4987
1FMHK7B83BG633295,Sosanna,Fevers,1/18/1981,F,AB16 7ER,S08000020,sfeversab@virginia.edu,+63 478 447 2253
WAUAKAFB8BN535030,Shanna,Consterdine,5/3/2002,F,G74 2EQ,S08000032,sconsterdineac@wikipedia.org,+66 149 120 8665
JN8AE2KP6E9116208,Isa,Antoney,1/3/1977,M,G72 8AN,S08000032,iantoneyad@jimdo.com,+86 454 151 0361
SCFAB05D09G208475,Kenneth,Claricoats,3/14/1974,M,ZE3 9JR,S08000026,kclaricoatsae@netvibes.com,+93 979 332 7169
1HGCP2E74AA768555,Maureen,Cargo,10/5/1990,F,FK1 2ET,S08000019,mcargoaf@google.com.au,+380 356 315 8786
WA1WGAFP0DA394836,Claus,Binney,3/13/1968,M,EH11 3JT,S08000024,cbinneyag@deliciousdays.com,+86 468 827 3593
1G4GJ5E39DF072485,Saunder,Dows,3/31/2001,M,G12 9DP,S08000031,sdowsah@dailymotion.com,+380 398 141 0247
WA1VMAFE5BD511969,Ardelle,Morphey,2/16/2006,F,AB53 6UX,S08000020,amorpheyai@list-manage.com,+46 585 551 5648
3GYFNAE39CS716410,Felita,Pollen,3/24/2010,F,KA3 2BA,S08000015,fpollenaj@woothemes.com,+357 400 910 0888
1GD12YEG5FF693135,Kalli,Pearde,6/14/2011,F,ML4 2SA,S08000032,kpeardeak@deliciousdays.com,
1N6AA0CA1AN797866,Mariya,O'Feeny,4/24/1973,F,PA5 0LY,S08000031,mofeenyal@theguardian.com,+84 188 805 0935
WA1LMAFE1AD666802,Reinaldos,Sperry,3/17/1989,M,G63 0AB,S08000019,rsperryam@squidoo.com,+48 942 598 7075
JN1BJ0HR0DM799689,Tyler,Kimbell,1/2/1982,M,KY6 3EA,S08000029,,+82 798 520 3802
5GAKRDKDXDJ314987,Ad,Schruyer,11/19/1966,M,ML6 7QW,S08000032,aschruyerao@amazon.com,+62 991 374 3805
WAUMFBFL6BN147956,Tiebold,Eddisforth,12/18/1946,M,KY1 2XN,S08000029,teddisforthap@rakuten.co.jp,+359 958 682 4231
WAUBF78E98A237797,Stavro,Rowdell,12/28/1953,M,EH5 2LD,S08000024,srowdellaq@blogger.com,+372 114 535 7772
JM1NC2PF7E0144431,Stephenie,Handrahan,3/12/1962,F,TD11 3TL,S08000016,shandrahanar@nationalgeographic.com,+234 591 344 5651
JH4CL96985C431429,Kiah,Fremantle,1/28/1994,F,ML5 2QT,S08000032,,+66 925 497 9460
3N1CN7AP4DL948397,Lyda,Larroway,2/6/1953,F,G66 8AT,S08000031,llarrowayat@purevolume.com,+63 324 916 0759
WBA3G7C52FK365699,Brinn,Sanday,2/18/1953,F,PA4 0DZ,S08000031,bsandayau@ameblo.jp,+63 369 663 2015
WBAEV33462K942033,Derrik,McGilvray,4/17/1993,M,PH1 3SH,S08000030,dmcgilvrayav@businesswire.com,+351 963 228 1506
1N6AA0CAXFN065839,Rebe,Chazelas,4/25/2010,F,DD4 8NT,S08000030,rchazelasaw@hp.com,+81 442 183 2221
WAUFFAFL6DA483975,Timmi,McCann,9/16/1951,F,KY9 1JF,S08000029,tmccannax@hud.gov,+855 898 416 1637
YV1902AH2B1442518,Dani,Langdale,7/5/1985,M,ML8 5US,S08000032,dlangdaleay@jimdo.com,+355 530 455 6119
1FTNF2B59AE706930,Markus,Rajchert,1/10/1991,M,G78 2AU,S08000031,mrajchertaz@skyrock.com,+86 628 654 3993
WBAYA6C53DC025227,Ade,Montier,11/18/2002,M,AB51 4JZ,S08000020,amontierb0@vimeo.com,+58 313 752 1015
WA1VMAFE9AD377286,Tabby,Willisch,5/26/1950,M,G66 1LF,S08000031,twillischb1@blogtalkradio.com,+1 915 577 2701
1G6AB5RX4D0133056,Gris,Harmour,9/16/1955,M,KA11 1PX,S08000015,gharmourb2@google.es,+420 673 338 7692
1N4AL2AP1AC298440,Juliann,Beams,9/22/1969,F,DD7 7HS,S08000030,jbeamsb3@hostgator.com,+52 616 366 5144
WBAFU7C57DD442932,Baldwin,Volkers,4/25/1984,M,EH5 2DT,S08000024,bvolkersb4@nifty.com,+385 981 183 6867
1G6DB1ED1B0963167,Dareen,Uphill,8/28/1944,F,G20 7EL,S08000031,duphillb5@canalblog.com,+7 983 245 0304
1FTEX1C80AF323310,Israel,Bruntje,1/24/1962,M,PA4 9LJ,S08000031,,+48 197 425 0814
WAUZL54B51N144264,Dory,McIlwrath,9/30/1966,M,G74 3ZD,S08000032,,+63 200 188 4505
3GYFNCEY8AS634821,Eugenio,Watsham,2/28/2008,M,G84 8LU,S08000022,ewatshamb8@digg.com,+358 387 747 2374
WBADS334X2G763680,Vince,Larmett,2/21/1955,M,EH32 0QW,S08000024,vlarmettb9@ustream.tv,+245 380 182 3745
JTEBU5JR1B5465296,Kary,Portal,9/9/1953,F,ML12 6HN,S08000032,,+62 958 396 6153
1G6DL1E30C0230386,Brade,Mendes,10/17/1986,M,G41 1PY,S08000031,bmendesbb@sohu.com,+994 176 116 7897
3VW507AT5FM461091,Julianna,Saunton,12/24/2003,F,PA4 0PA,S08000031,jsauntonbc@parallels.com,
5UXWX9C53D0083462,Consolata,Twiggins,5/22/1972,F,AB42 2WB,S08000020,,+998 773 535 9973
3N1AB7AP6FY079940,Teresita,Manolov,2/1/1983,F,IV31 6PT,S08000020,tmanolovbe@livejournal.com,+7 680 600 7674
2T1BURHE5FC226440,Chrisy,Patey,6/3/1998,M,EH54 7ED,S08000024,cpateybf@sogou.com,+62 536 650 9459
1GYS4JKJ2FR552882,Tiebout,Lacheze,11/27/1983,M,FK10 3RN,S08000019,tlachezebg@java.com,+62 634 161 3423
1GKS2FEJ9DR885604,Othello,Ludl,12/12/1957,M,AB15 9TB,S08000020,oludlbh@bing.com,+62 922 408 0651
WVGAV7AX2CW470795,Arron,Truluck,7/15/1953,M,G40 2DL,S08000031,atruluckbi@apache.org,+420 648 590 2631
WVWAB7AJ6CW755704,Abby,Jaffrey,4/15/1956,M,HS1 2HA,S08000028,ajaffreybj@imdb.com,+351 908 804 9902
WBAKF3C50CE805033,Niccolo,Harner,7/26/1978,M,AB31 5YQ,S08000020,nharnerbk@pbs.org,+63 284 967 7877
JH4DC43591S082791,Salaidh,Mills,11/18/1987,F,KY11 2TF,S08000029,smillsbl@slideshare.net,+54 208 952 1689
1G6DU6EV5A0042455,Hatty,Errichiello,10/29/1981,F,KY11 2NT,S08000029,herrichiellobm@vk.com,+351 717 856 6656
5GAKRBED0BJ037635,Adaline,Haresnape,1/3/1944,F,IV30 5PL,S08000020,aharesnapebn@themeforest.net,+7 551 178 2895
1G6AA1RX7F0170262,Ulrika,Birtle,1/2/2000,F,IV16 9YW,S08000022,ubirtlebo@bigcartel.com,+351 666 274 4681
1D4PT6GX2BW033130,Thorn,Ellick,12/27/1974,M,EH52 6SD,S08000024,tellickbp@indiatimes.com,+86 711 352 0244
WA1CKBFPXAA042401,Jobie,Roddan,3/22/2004,F,ML5 1QZ,S08000032,jroddanbq@vistaprint.com,
WP0AB2A83CS896592,Ilyse,McNysche,5/9/1952,F,ML7 4JE,S08000032,imcnyschebr@csmonitor.com,+994 683 143 9222
1HGCP2E78BA653927,Merrill,Fulop,1/24/1950,F,KY15 4DP,S08000029,,+62 751 581 3734
WA1YD64B72N654953,Christoforo,Aldrick,3/8/1955,M,TD1 2BE,S08000016,caldrickbt@ask.com,+63 487 303 9951
JHMFA3F26BS054667,Waylen,Aldwich,6/21/1955,M,DD9 6RD,S08000030,waldwichbu@usatoday.com,
WBA3N7C50EK718087,Ham,Rummer,6/4/1954,M,G51 4NF,S08000031,hrummerbv@soup.io,
1G4GC5ER0DF656630,Britt,Pashen,8/5/1958,F,AB12 9UF,S08000020,,+63 381 555 6871
WAUJC68E45A957079,Hewitt,Dowson,12/21/2009,M,EH4 4FG,S08000024,hdowsonbx@drupal.org,+86 173 410 1354
1N6BF0KX9FN017471,Matelda,Jickles,3/29/1948,F,G43 2TW,S08000031,mjicklesby@yellowbook.com,
1GYEC63898R127204,Odilia,Immer,8/11/1974,F,EH48 2JU,S08000024,,+351 124 480 5211
3VW507AT4FM918067,Ondrea,Blore,4/13/1940,F,EH8 7DE,S08000024,,+86 655 493 9778
JM1BL1K38B1982175,Leann,Fisbey,12/31/1946,F,EH32 9NA,S08000024,lfisbeyc1@goodreads.com,+86 846 923 3779
WVWED7AJ5BW749483,Deonne,Eastlake,8/29/1963,F,KA9 2RN,S08000015,,+57 870 732 8444
4T3BA3BB4FU876015,Leticia,Likely,9/26/1952,F,G84 7PR,S08000022,llikelyc3@disqus.com,+62 322 504 5155
SALCR2BG6FH911476,Sascha,Lehenmann,9/9/1967,F,AB31 6DD,S08000020,slehenmannc4@utexas.edu,+351 700 903 7949
SCBBP9ZA2CC358288,Bill,Presidey,3/6/1941,M,KA13 7JZ,S08000015,bpresideyc5@virginia.edu,+86 501 817 4756
1N6AD0CWXEN611539,Tamra,Bollis,5/6/1941,F,AB24 3EB,S08000020,tbollisc6@creativecommons.org,+62 404 624 0961
SCBDR33W59C818993,Daron,Skaif,7/9/1979,M,G33 5NZ,S08000031,,+30 613 906 3548
JHMGE8G33BC758302,Merv,Delete,1/30/1975,M,EH30 9XP,S08000024,mdeletec8@mashable.com,+81 455 637 7619
1ZVBP8AM7B5415758,Dru,Philippart,5/7/2010,F,KY12 9RS,S08000029,dphilippartc9@comsenz.com,+62 489 519 1243
1G6D25EY5B0283511,Chad,Brewood,10/23/1965,F,ML11 9YR,S08000032,,+33 888 214 5599
WAUKH98E57A949552,Sascha,Guiso,6/29/2001,F,G34 9BA,S08000031,sguisocb@msu.edu,+63 766 625 0309
4JGBF2FE6BA367483,Vivian,Scotchford,12/23/1941,F,AB10 1SP,S08000020,,+86 911 799 2921
WAUCD54B64N863756,Garland,Veevers,4/13/1992,F,G12 9RL,S08000031,gveeverscd@163.com,+86 812 511 1978
JM1BL1H30A1786320,Mark,Monkton,4/4/1969,M,TD7 4QN,S08000016,mmonktonce@smugmug.com,+1 433 399 0951
5UXFB33522L652468,Mirabella,Godsafe,10/15/1992,F,DD4 9NE,S08000030,mgodsafecf@latimes.com,+237 450 848 2965
1FMHK7B87CG252812,Rayshell,Kinnaird,9/4/1992,F,PA5 8AY,S08000031,rkinnairdcg@hugedomains.com,+62 219 154 8152
3C4PDDAG0ET099211,Maxwell,Laboune,7/23/2011,M,IV27 4XA,S08000022,mlabounech@dailymotion.com,+93 916 925 5121
1C4RDJEGXDC279808,Mitchell,Mattholie,12/27/1991,M,EH55 8PP,S08000024,mmattholieci@redcross.org,+7 761 282 5165
5NPEB4AC7BH285950,Merrily,Beatens,11/7/2003,F,AB15 9PW,S08000020,mbeatenscj@com.com,+7 383 827 6320
KNAFT4A2XB5660591,Averill,Parnham,1/19/1981,M,EH6 5LH,S08000024,aparnhamck@google.de,+62 151 962 8190
1YVHZ8BH6A5971299,Brade,Geldard,7/12/1981,M,ML7 4LB,S08000032,bgeldardcl@ask.com,+998 376 272 0283
WAUSF98E16A794860,Eduardo,Pilsbury,7/21/1954,M,G81 4DP,S08000031,epilsburycm@qq.com,+351 948 468 3077
WAURGAFD7DN103523,Erika,Moores,3/5/1949,F,FK4 2AJ,S08000019,,
3D73Y3CL4BG508683,Dom,Assante,2/28/1985,M,EH42 1GB,S08000024,dassanteco@cnbc.com,+48 476 385 3101
1GKUCKE04AR099047,Caesar,Thomazet,11/10/1987,M,EH13 0DT,S08000024,cthomazetcp@geocities.com,+20 906 734 3332
1FTSW3A54AE542139,Marje,Kaygill,11/11/1999,F,FK5 4JY,S08000019,mkaygillcq@gizmodo.com,+351 437 954 8260
1GYFK66867R165460,Florance,Ingraham,4/20/1999,F,KY4 9QF,S08000029,fingrahamcr@meetup.com,+63 954 532 4104
5TDDK4CCXAS604999,Jacquenetta,Danelutti,12/3/1994,F,G41 3PY,S08000031,jdaneluttics@elpais.com,+977 351 491 6147
WAU4FAFRXCA707548,Saunderson,Drayn,2/1/1947,M,PH2 8AQ,S08000030,sdraynct@cyberchimps.com,+260 773 639 8630
WA1WMAFE0CD956822,Hart,Taylorson,6/20/1965,M,EH45 8DU,S08000016,,+84 593 774 4533
WAUVT58E34A690382,Andie,Ferrillio,5/29/1954,M,AB53 8PS,S08000020,aferrilliocv@ezinearticles.com,+48 630 845 4101
WAUPFBFM4BA585095,Bevin,Enocksson,5/4/1971,M,AB42 1GH,S08000020,benockssoncw@time.com,+385 322 531 7613
JN8AZ2KR5AT366431,Camey,Pardie,3/24/1991,M,DG1 3NT,S08000017,cpardiecx@purevolume.com,+242 651 108 0161
3D7TT2CT3BG404663,Curry,Coote,6/4/1976,M,DD10 0EX,S08000020,ccootecy@sun.com,
WBADS334X1G266997,Antonia,Dakhno,11/26/2003,F,PH35 4HL,S08000022,adakhnocz@flickr.com,+57 466 702 2871
3GYFNFE35ES900128,Samuel,Hinkes,3/13/1944,M,KA20 3BP,S08000015,,+7 390 203 6506
5GAKVAED9BJ259984,Merrill,Friman,7/2/1984,F,PA5 9UG,S08000031,mfrimand1@cornell.edu,+86 474 720 1636
5UXFG2C53BL096005,Gabrielle,Sommerling,11/25/1952,F,G13 3EP,S08000031,gsommerlingd2@canalblog.com,+66 459 836 6170
WAUDH98E18A436812,Liv,Physick,4/2/1993,F,DD8 1SS,S08000030,,+86 236 781 8668
1FTSE3EL6AD869529,Emilee,Grimbleby,4/21/1984,F,EH13 9EJ,S08000024,egrimblebyd4@xing.com,
WBANF73557C391253,Germain,Greest,7/1/1981,M,DG8 6PT,S08000017,ggreestd5@mapquest.com,+62 863 267 5659
5J6TF3H52FL274380,Casi,Handrek,12/18/1961,F,PA19 1AZ,S08000031,chandrekd6@businesswire.com,+86 794 474 7685
1N4AL3AP1EC506800,Arv,Wynn,6/6/1960,M,AB15 9QX,S08000020,awynnd7@php.net,+62 569 747 3290
3C4PDCDG2FT070185,Tilly,Pautard,4/23/1961,F,IV25 3JF,S08000022,tpautardd8@behance.net,+212 228 262 0578
WBAUN135X8V684745,Melinde,Antushev,7/25/1979,F,PH2 0BH,S08000030,mantushevd9@statcounter.com,
1FTWX3B5XAE455259,Nickolaus,Thredder,8/16/1948,M,KY12 8YY,S08000029,nthredderda@omniture.com,+7 501 834 5508
WAUFGAFC2FN138323,Julio,Snel,1/4/1985,M,EH8 7AJ,S08000024,jsneldb@dion.ne.jp,
5GAKRBED8BJ816443,Zonda,McTrustam,12/27/1998,F,AB34 5QF,S08000020,zmctrustamdc@ycombinator.com,+62 510 705 2383
WAUMFAFL9BN110457,Rollo,Dolle,3/13/2005,M,AB15 4AZ,S08000020,rdolledd@time.com,+855 113 924 6054
WDCYC3HF6CX347262,Percy,Quittonden,5/29/2003,M,EH21 8SN,S08000024,pquittondende@economist.com,+62 146 368 1657
1N6AF0KXXEN686522,Joseito,Wissby,6/19/1986,M,DD2 4HX,S08000030,jwissbydf@posterous.com,
WBAYP9C57DD072559,Carleen,Brandts,10/4/1986,F,EH8 9DP,S08000024,cbrandtsdg@nationalgeographic.com,+60 318 359 8216
SCBCC41N19C442516,Valentina,Pennycord,12/26/1955,F,ZE1 0RL,S08000026,vpennycorddh@t-online.de,+62 545 581 5252
WAUGFBFCXEN406269,Ichabod,Lyal,3/31/1949,M,TD5 7BW,S08000016,,+62 838 590 4680
WA1CGAFE7ED323392,Morry,MacKimmie,7/11/1961,M,IV36 2HG,S08000020,mmackimmiedj@hp.com,
SAJWA4FB3CL752822,Flynn,Duffree,8/22/2003,M,ML3 6EF,S08000032,,+62 470 858 3976
2HNYD18936H166432,Hilda,Mival,12/2/1982,F,EH20 9EQ,S08000024,hmivaldl@t-online.de,+66 951 591 0495
3LN6L2LUXFR630687,Glenn,Gorick,3/4/1947,M,EH12 7BN,S08000024,ggorickdm@dot.gov,+504 963 928 2628
1GYUCBEF9AR749291,Corny,McElhargy,11/25/1946,M,ML6 0PF,S08000032,,+86 173 833 0000
1GYEK63N04R014020,Christy,Hunday,1/18/1951,F,PA1 2QU,S08000031,chundaydo@themeforest.net,+687 906 673 2721
5FNYF3H3XFB236456,Judy,Henmarsh,7/18/1976,F,IV27 4QD,S08000022,jhenmarshdp@harvard.edu,+51 758 525 9653
4A31K5DF5CE100626,Jolie,Kermeen,10/27/1960,F,G12 0JS,S08000031,jkermeendq@yellowbook.com,
3D7TP2CT6BG761744,Angie,Tilley,3/14/1958,M,ZE2 9TA,S08000026,atilleydr@google.it,+86 714 419 7042
WBS3C9C55FJ928558,Nonnah,Swan,1/1/1995,F,PA23 8QB,S08000022,,+993 404 871 3507
NM0AE8F78E1707404,Celestia,Hurnell,6/3/1965,F,ML3 7DN,S08000032,,+970 928 420 7155
5GAER23748J007038,Corbie,Ivashchenko,7/10/1972,M,G32 8FN,S08000031,civashchenkodu@usnews.com,+86 311 547 7171
JTHBE1D2XE5119856,Melantha,Ocklin,4/19/1956,F,G68 9NG,S08000032,mocklindv@wired.com,
1GT01XEGXFZ996780,Norton,Quelch,5/6/1971,M,G67 1EW,S08000032,,+686 340 439 8428
3D7TP2CT6AG871868,Daren,Elcom,10/12/1965,M,KA20 3JZ,S08000015,delcomdx@tripadvisor.com,+86 892 473 5918
4JGBB9FB0AA304355,Eveleen,Flahy,6/18/1953,F,EH32 0LR,S08000024,,+86 766 408 0759
JM3TB2CV5F0432092,Mohandis,Mathet,5/2/1963,M,G32 8AH,S08000031,mmathetdz@parallels.com,+55 181 650 8647
2HNYD18703H328205,Odey,O'Nion,11/27/1981,M,DD5 1AE,S08000030,oonione0@nymag.com,+33 779 400 5247
3C63DRKL4CG585105,Trudie,Berks,5/11/1995,F,G66 9TG,S08000031,tberkse1@washington.edu,+353 595 795 8049
1G6DV1EP9E0363549,Kora,Advani,8/8/1971,F,IV47 8SZ,S08000022,kadvanie2@disqus.com,+46 776 614 3612
WBAFR1C51BD209236,Donetta,Duell,12/28/1993,F,EH47 7EB,S08000024,dduelle3@vk.com,+86 800 976 5050
3VWML7AJ2EM420255,Egor,Ebdon,2/12/1945,M,EH12 7LL,S08000024,eebdone4@webeden.co.uk,+46 590 925 8952
1GKS1GKC0FR115731,Vail,Wrathmall,10/2/1945,M,KY2 6HG,S08000029,vwrathmalle5@hatena.ne.jp,+86 928 354 0369
JH4CL95894C343223,Kacie,Bodemeaid,2/21/1956,F,PH1 1LQ,S08000030,kbodemeaide6@dagondesign.com,+62 897 827 1175
KM8NU4CCXCU650888,Vale,Andretti,12/17/1978,F,G72 8QA,S08000032,vandrettie7@jigsy.com,+55 388 106 8038
2T1BU4EE4BC731564,Gavra,Dorow,4/26/1983,F,AB55 5AP,S08000020,,+7 230 198 7049
2C3CDZBG2FH990710,Richart,Hallawell,4/16/1942,M,KA11 4HJ,S08000015,rhallawelle9@booking.com,+46 649 584 4458
WAUVKAFR2AA154939,Farah,Broadbear,9/11/1990,F,PH2 9HH,S08000030,fbroadbearea@com.com,+81 181 605 8238
WAUHGBFC7CN696825,Bernadine,Mearns,9/8/1949,F,G13 3NA,S08000031,bmearnseb@ning.com,+86 198 321 4917
WAUEFBFL9EN657226,Falkner,Cregin,4/11/2000,M,KA13 7BE,S08000015,fcreginec@merriam-webster.com,+30 945 857 4879
WA1UFAFL8EA648110,Deny,Randell,5/18/1959,F,PH1 1RT,S08000030,drandelled@jigsy.com,+86 951 798 2241
JTHBW1GGXE2637567,Abey,Simmers,4/25/1965,M,G78 3DW,S08000031,asimmersee@trellian.com,+33 386 531 4092
1NXBU4EE7AZ607334,Danny,O' Scallan,1/21/1976,M,G64 2AF,S08000031,doscallanef@tripadvisor.com,+86 508 398 0915
2HNYB1H61DH774071,Iain,Kassel,2/9/1977,M,ML3 0PA,S08000032,ikasseleg@infoseek.co.jp,+7 617 392 9110
WUAGNAFG0CN859786,Karry,Feldhorn,7/11/1953,F,EH49 6EG,S08000024,kfeldhorneh@nytimes.com,+86 516 632 8390
2G4WF551X21731819,Rustie,Jamary,8/26/2010,M,DD11 4HJ,S08000030,rjamaryei@indiatimes.com,+233 586 260 3569
5UXFB93592L632270,Dannie,McGilvra,5/29/1959,F,G61 4LF,S08000031,dmcgilvraej@scientificamerican.com,
2G4GS5GX5F9374638,Cyndi,Pilcher,11/24/1965,F,DD3 8DE,S08000030,cpilcherek@ifeng.com,
1GD220CG7CZ551713,Drucie,Brymner,11/12/1984,F,G67 2JD,S08000032,dbrymnerel@purevolume.com,+1 318 623 7202
KNALW4D41F6903793,Penrod,Deniscke,7/8/1979,M,DG9 9HA,S08000017,pdenisckeem@gov.uk,+55 358 523 1695
WBAEN33434P818761,Gun,Dorken,7/19/1993,M,AB39 2WD,S08000020,gdorkenen@buzzfeed.com,+86 138 566 9488
WAURFAFR0EA407638,Thaddus,Britt,5/13/1987,M,DG8 8BW,S08000017,tbritteo@booking.com,+62 532 408 5958
2B3CK2CV4AH868818,Katharine,Labbey,12/15/1944,F,EH10 5SR,S08000024,klabbeyep@oracle.com,+1 261 611 7093
WAUFFAFL3AN147589,Vitoria,Antonat,10/24/1947,F,G82 2TZ,S08000031,vantonateq@fc2.com,+86 914 853 7410
5UMDU93598L663915,Ofella,Bardnam,9/11/2009,F,DG6 4SY,S08000017,obardnamer@google.com.au,+52 981 311 1009
WBA3T3C5XFP426451,Garland,Colam,4/21/1980,F,G71 8SW,S08000032,,+381 308 297 6137
WDDHF0EB2FB235840,Dreddy,Chatan,12/7/1989,F,TD7 5JJ,S08000016,dchatanet@amazon.de,+54 907 453 9206
WBANV13589C104233,Bambie,Learmount,6/27/1991,F,TD9 8QE,S08000016,blearmounteu@a8.net,+1 117 137 8321
SAJWA1CZ0E8214486,Talya,Tonbridge,6/7/2010,F,ML10 6LU,S08000032,,+593 591 249 9411
WDDNG7DB4DA655094,Ada,Atger,4/20/1997,F,G32 6DL,S08000031,aatgerew@seattletimes.com,+420 683 625 3103
1GYFC53289R203104,Alyosha,Savins,12/16/1965,M,G69 7FE,S08000031,asavinsex@sun.com,+55 813 235 8432
WA1LYBFE9AD333774,Tessie,Phillput,10/22/1986,F,TD7 5NY,S08000016,tphillputey@xing.com,+86 650 570 8994
3GYFNFE31FS086500,Charmaine,Dawkins,8/11/1972,F,EH11 1QE,S08000024,cdawkinsez@51.la,+63 447 492 3388
5YMGY0C5XBL843520,Marissa,Taaffe,9/27/1949,F,DG9 9DX,S08000017,mtaaffef0@omniture.com,+7 579 256 4861
JH4CU26649C764162,Bjorn,Brittian,9/19/2009,M,KY7 5TL,S08000029,bbrittianf1@odnoklassniki.ru,+62 607 221 0875
1GYEC63N06R757177,Palmer,Guiett,3/12/1998,M,ML5 2PU,S08000032,,+63 756 448 2302
1G6DU6EV2A0896173,Vivie,Brogini,11/16/1989,F,ML5 1NP,S08000032,vbroginif3@tiny.cc,+351 603 825 2710
1N6AF0KX2EN147912,Corbin,Janaway,4/26/1980,M,KW9 6PP,S08000022,cjanawayf4@bandcamp.com,+86 551 707 5115
3G5DA03L37S168083,Ray,Labbez,7/14/1958,M,KA18 2PP,S08000015,rlabbezf5@blogspot.com,+30 803 502 1385
2T2BK1BA3EC832567,Dora,Penny,3/28/1959,F,KY12 0TT,S08000029,dpennyf6@upenn.edu,+84 238 315 6253
WVGAV7AX3CW246239,Johnnie,Kellert,10/19/1946,M,G66 4HP,S08000031,jkellertf7@usa.gov,+62 133 494 0698
1GYUCCEF0AR823137,Valli,Bundock,1/14/1949,F,PA3 2PE,S08000031,vbundockf8@freewebs.com,
2C3CDXBG6EH856253,Ermina,Stourton,5/24/1988,F,KY5 0PQ,S08000029,estourtonf9@flickr.com,+51 927 950 6107
1G4HE57Y96U905637,Binnie,Pedrozzi,6/19/2006,F,EH19 3GB,S08000024,,+57 110 207 0062
YV1672MK3A2244030,Horst,Sandys,12/19/2002,M,AB41 9GZ,S08000020,hsandysfb@photobucket.com,+46 985 593 3277
1G6KY54933U710517,Saree,Ragot,1/20/1976,F,KA7 3LW,S08000015,sragotfc@si.edu,+55 600 892 1581
JM1NC2EF2A0597403,Estrellita,Grosvener,11/23/1981,F,G52 1NJ,S08000031,,+86 290 320 9828
3D73Y4CL1BG535216,Jennine,Greensted,5/20/2011,F,PH2 6SZ,S08000030,jgreenstedfe@networksolutions.com,+380 345 200 9186
JHMZF1C44DS557657,Eward,Sissot,7/15/1979,M,DG12 5NY,S08000017,esissotff@51.la,+850 827 905 2461
2C3CCARG0EH872082,Pate,Corington,7/30/1976,M,AB23 8WB,S08000020,,
NM0AE8F79F1890040,Jaynell,Fyfield,1/19/1952,F,PA3 3HE,S08000031,jfyfieldfh@tuttocitta.it,+46 531 762 4240
3FAHP0JA0AR021640,Hermann,Penhalewick,11/1/1945,M,IV1 1HG,S08000022,hpenhalewickfi@state.gov,+63 312 904 7160
1FAHP3HN5AW915625,Heywood,Duckels,4/27/1953,M,AB22 8WN,S08000020,hduckelsfj@constantcontact.com,+86 186 452 6273
1GYEC63T03R025223,Corbin,Margerison,9/26/1977,M,AB51 4AB,S08000020,,+373 364 449 7387
WBAYE4C55DD400358,Amby,Cornfoot,1/27/1970,M,AB55 5DE,S08000020,acornfootfl@senate.gov,+351 263 973 8889
3N6CM0KNXDK865970,Ken,Evetts,10/8/2004,M,G20 7SR,S08000031,,+62 670 984 0012
2C3CDYAG4CH913442,Pegeen,Warfield,11/3/1943,F,EH54 8QQ,S08000024,,+86 418 735 2940
WAULL44E35N909665,Brnaby,Hazeldene,2/28/1980,M,KY16 8EB,S08000029,bhazeldenefo@photobucket.com,+7 676 332 8955
3VWJP7AT1CM229481,Skye,Hofer,10/2/2007,M,PH22 1QF,S08000022,shoferfp@mac.com,
1N6AA0EC5DN312731,Danny,Phlipon,8/17/2000,F,PA21 2EP,S08000022,,
WAUML54B14N168138,Cheri,Belchem,10/4/1970,F,DD3 7PQ,S08000030,cbelchemfr@howstuffworks.com,+234 145 223 8856
WAUDH78E17A912592,Dorena,D'Ugo,3/5/1998,F,PA35 1HW,S08000022,ddugofs@flavors.me,+81 994 825 7681
WAUDF98E98A248030,Dorrie,Bonniface,5/24/1972,F,AB31 6DS,S08000020,dbonnifaceft@foxnews.com,+54 115 596 4952
1G6AB5R30F0887149,Jaquith,Schwerin,11/8/2006,F,G40 4BL,S08000031,jschwerinfu@flavors.me,+63 748 289 9883
WUAAU34269N292570,Mamie,Powling,4/15/1973,F,PA13 4SQ,S08000031,mpowlingfv@mit.edu,+258 335 484 6433
WAUAH74F06N831074,Garreth,Sallarie,11/25/2006,M,KA26 0EX,S08000015,gsallariefw@mozilla.org,+357 499 879 3571
3N1CE2CP9FL268921,Nil,Allitt,6/4/1963,M,KY16 9PD,S08000029,,+84 590 592 9991
WAUMF78K09A493178,Novelia,Atteridge,7/18/1953,F,G82 3EU,S08000031,,+374 944 124 6921
WBAGN63403D176204,Rick,Gymlett,5/20/1979,M,ML6 8HX,S08000032,,+86 545 543 6535
3VW507AT0EM060630,Yves,Walden,2/17/1992,M,KA7 3BD,S08000015,ywaldeng0@wordpress.com,+33 836 437 5012
5UXFB53586L415727,Ara,Faich,3/18/1997,F,KA3 7PA,S08000015,afaichg1@timesonline.co.uk,+86 224 559 4721
3FA6P0LU8ER417724,Gaelan,Lorence,3/12/2001,M,PA2 6HN,S08000031,,+970 695 463 8159
JN8AZ2KR6DT950728,Allyce,Sweeten,3/29/1982,F,G84 9BD,S08000022,asweeteng3@blogtalkradio.com,+86 102 403 0389
1FTEW1CM0DF127954,Hamil,Penella,5/23/2007,M,AB23 8JB,S08000020,hpenellag4@sitemeter.com,+86 149 947 6301
2HNYD18646H386457,Tamiko,Sprason,1/12/1988,F,ML1 9UU,S08000032,tsprasong5@ed.gov,+55 145 783 8179
JTEBU5JR3F5674447,Dick,Hellens,7/4/1974,M,EH22 4BB,S08000024,dhellensg6@imdb.com,+62 574 210 9090
2D4RN4DG6BR118704,Milo,Winslet,3/22/2011,M,PH10 6SS,S08000030,mwinsletg7@cloudflare.com,+1 260 800 7821
1FTMF1EW3AK832812,Jimmy,Cogin,12/26/1940,M,KA5 6HW,S08000015,jcoging8@irs.gov,+1 754 877 1414
1C3BC1FB2BN423610,Doria,Newey,4/9/1990,F,KY14 7SQ,S08000029,dneweyg9@hao123.com,+7 413 289 2085
3VWF17AT4FM058849,Vance,Ogbourne,8/7/2011,M,KA5 5RR,S08000015,,+86 751 797 9261
WAUVT64B63N286436,Petra,Earles,12/4/1992,F,G31 5LT,S08000031,pearlesgb@elpais.com,+57 348 127 6818
1FTEX1CM5BF304900,Devland,Dornan,8/11/2011,M,EH54 9JX,S08000024,ddornangc@qq.com,+48 549 913 9814
2C3CDXJG2EH048337,Myrah,Ricket,3/2/1966,F,DD11 1HE,S08000030,mricketgd@gizmodo.com,+48 591 133 2188
WAUEKAFB9BN403833,Kaila,Godfree,6/25/2009,F,IV15 9UT,S08000022,kgodfreege@webnode.com,+260 212 927 6781
1G6YV36A695848747,Peter,Leckenby,10/31/1945,M,AB16 5YT,S08000020,pleckenbygf@eventbrite.com,+225 131 824 6301
1GYEE437480422320,Tamera,McLanaghan,1/28/1980,F,AB56 1PW,S08000020,,+965 939 744 7513
JM1CR2W30A0742707,Helyn,Caldero,5/5/1948,F,G81 5QY,S08000031,hcalderogh@example.com,+62 254 147 0682
JHMZE2H55AS414142,Harlan,Pedlar,5/22/1994,M,G84 0JW,S08000022,hpedlargi@cbc.ca,+66 789 925 6242
WBANW13548C379979,Modesty,Taplin,8/15/1988,F,EH4 7JD,S08000024,mtaplingj@washingtonpost.com,+63 347 165 2109
2HNYD28478H112936,Cory,McGaugan,6/4/2011,M,KY15 4AF,S08000029,cmcgaugangk@sciencedaily.com,+237 941 322 7518
SAJWJ0FFXF8159493,Filippa,Rainbird,7/31/1958,F,IV3 8RP,S08000022,,
WAUDG98E15A378084,Stillmann,Stubbeley,1/4/2001,M,EH5 2PB,S08000024,,+380 278 549 3858
5UXFF03519L281140,Wrennie,Inderwick,2/28/1986,F,G23 5BQ,S08000031,winderwickgn@creativecommons.org,+86 857 645 3893
SCFAD01A08G607228,Athene,Foakes,5/4/1940,F,EH19 2LJ,S08000024,,+355 948 662 1123
1G6AH5S32F0637999,Joli,Antoniak,9/8/1969,F,EH10 6AB,S08000024,jantoniakgp@engadget.com,+86 287 100 5374
WA1LMAFE7CD040318,Lynette,Lambden,5/11/1985,F,PA5 9JJ,S08000031,llambdengq@symantec.com,
WAUEG74F86N800420,Eula,Gossop,7/23/1963,F,DD9 7SX,S08000030,egossopgr@house.gov,+86 674 949 9379
KMHHT6KD7CU421672,Emily,Headech,1/6/1985,F,PA34 5DD,S08000022,,+359 367 303 5320
JTHFE2C2XA2079881,Zed,Pinxton,3/31/1973,M,EH42 1AX,S08000024,zpinxtongt@altervista.org,+63 582 633 9328
JN1CV6FE7EM718393,Alistair,Bonnette,9/28/1981,M,G41 5SY,S08000031,abonnettegu@dagondesign.com,+55 460 160 1136
1N4AL3AP6DC341146,Latia,Kuscha,7/25/1976,F,DG7 3DH,S08000017,lkuschagv@fda.gov,
1NXBE4EE5AZ943092,Alameda,Beade,3/28/1977,F,AB31 4JL,S08000020,abeadegw@freewebs.com,+94 775 751 6910
JH4CL96984C523851,Noni,Mundall,3/12/1944,F,KW3 6AN,S08000022,,+86 326 282 3385
JTHBK1EG3A2167746,Blanche,Latus,4/18/1995,F,KA17 0EL,S08000015,blatusgy@ucoz.com,+351 588 661 5848
WAUBFAFLXFN379614,Sandye,Sawers,5/13/1986,F,DD2 5HN,S08000030,ssawersgz@123-reg.co.uk,+62 736 987 7286
1D4SD6GT9BC729621,Lonny,Brum,5/2/1961,M,EH16 4AA,S08000024,,+63 513 183 6697
WAU2GBFC1EN812769,Jeniece,Brickell,8/29/1981,F,ML2 0RA,S08000032,jbrickellh1@jimdo.com,+57 939 185 3509
WAUAFAFC5CN415071,Norine,Canas,12/13/1975,F,EH11 3HD,S08000024,ncanash2@businesswire.com,
1FTEW1E86AK512258,Emelita,Kopman,4/22/1999,F,G69 7FH,S08000031,,+62 107 255 3519
1G6DB1ED3B0520731,Flin,Jarvis,3/22/1983,M,DD2 1BS,S08000030,fjarvish4@taobao.com,+33 693 206 3248
WAUVFAFR4DA049246,Hilton,McDuffy,12/22/1996,M,ML3 8BF,S08000032,,+976 733 464 6287
5GADV33147D861856,Candy,Aire,2/4/2004,F,KA11 4HS,S08000015,caireh6@engadget.com,+372 781 164 5166
1GYS4GEF9DR133189,Waverley,Hlavecek,7/2/1972,M,G61 1JD,S08000031,whlavecekh7@walmart.com,+51 999 382 1771
WBAFV3C51ED424952,Desi,Penreth,1/8/2000,M,G69 6BE,S08000031,dpenrethh8@earthlink.net,
1GYUKAEF0AR707508,Etienne,Piel,7/7/2007,M,G13 2XN,S08000031,epielh9@sina.com.cn,+351 113 801 6553
WAU4FAFL4BA320715,Stanfield,Merioth,11/11/1967,M,PH3 1PU,S08000030,,+370 630 836 7712
1C3CDWDA7CD190114,Roberto,Curbishley,2/14/1965,M,G61 2AE,S08000031,rcurbishleyhb@mapy.cz,
1N6AA0EJ7FN534236,Georgianne,Gammet,8/27/1955,F,EH7 6DH,S08000024,ggammethc@wisc.edu,+62 984 529 9654
SCFBF04B98G215237,Christi,Reimer,1/21/1982,F,PA15 2AJ,S08000031,creimerhd@nbcnews.com,+55 525 983 9609
WAU4FAFRXAA331916,Arte,Reijmers,11/15/2001,M,AB54 6EJ,S08000020,areijmershe@tuttocitta.it,+54 634 286 2840
3C6TD5CT9CG926408,Magdalen,Beining,12/19/1973,F,DG7 2BB,S08000017,mbeininghf@google.ru,
WAUBNAFB2BN881361,Ingamar,Cann,1/5/2008,M,DD5 1BZ,S08000030,icannhg@theguardian.com,+1 857 518 9512
1D7RB1CT2BS140786,Milton,Tunuy,8/12/2010,M,KY4 0DJ,S08000029,mtunuyhh@homestead.com,
WVWED7AJ3DW456863,Trudy,Humberstone,11/8/2004,F,AB16 5YB,S08000020,thumberstonehi@creativecommons.org,+966 100 960 7749
2G61M5S37F9801233,Kayne,Kirkhouse,1/1/2006,M,TD5 8LW,S08000016,kkirkhousehj@woothemes.com,+352 874 416 9132
1G6DP577250337146,Joannes,Bisiker,1/14/1991,F,KA21 6LA,S08000015,jbisikerhk@addtoany.com,+48 473 369 0672
WBA3B3C52FF410981,Ellery,Whimp,1/5/1950,M,EH4 8BY,S08000024,ewhimphl@about.com,+47 315 327 4215
1HGCP2F35AA468955,Jessi,Francesch,1/20/1956,F,PA34 4YN,S08000022,jfranceschhm@mozilla.com,+7 528 891 4200
SCBGR3ZA1CC604082,Alene,Eldridge,4/19/1992,F,PA20 0LX,S08000022,aeldridgehn@biblegateway.com,+351 811 233 4315
1G6DU6EV7A0040030,Tillie,Godby,6/20/2003,F,PA4 8AU,S08000031,tgodbyho@dagondesign.com,+46 539 551 9098
WBAPH7C54AE185372,Anabella,Arthey,8/29/1991,F,EH14 5QG,S08000024,aartheyhp@google.cn,+48 750 557 9640
WAUEKBFB6AN114400,Mabelle,Ponter,2/1/1942,F,FK14 7ER,S08000019,mponterhq@cpanel.net,+62 596 713 9604
KNAFU5A25B5594759,Noll,Collough,2/13/1985,M,PH11 8DF,S08000030,,+48 816 392 1237
JN1CV6AP1DM646646,Aube,Gorbell,10/9/1991,M,ML9 3LQ,S08000032,agorbellhs@ebay.co.uk,
WBABN53471J207290,Hyacinth,Herculson,7/20/1974,F,AB22 8ZY,S08000020,,
WAUDT48H44K742029,Julius,Shevelin,7/28/1952,M,EH11 3RD,S08000024,,+358 180 221 8772
WBA3A5C53EJ568563,Amandy,Padginton,5/12/1946,F,AB16 5QF,S08000020,apadgintonhv@goo.gl,
JTHBL5EF5F1220391,Beau,Leare,7/18/1964,M,DG1 3FQ,S08000017,blearehw@hc360.com,
1FMJU1J58AE793599,Tibold,Spurrett,1/17/1948,M,KA3 1JS,S08000015,tspurretthx@loc.gov,+351 957 786 1179
JM1NC2JF9D0561251,Bil,Shrawley,10/11/2006,M,ML6 8GG,S08000032,bshrawleyhy@yahoo.co.jp,+260 259 193 4679
SAJWA0E74D8094874,Stern,Greatex,4/4/1974,M,EH54 9EX,S08000024,sgreatexhz@cdbaby.com,+249 816 665 2738
3C63DPHL8CG838048,Sylas,Tolmie,1/25/1987,M,AB43 8UD,S08000020,stolmiei0@tamu.edu,+51 261 629 0042
JN1CV6AP0BM685273,Martha,McCreath,2/26/1978,F,KA12 9BQ,S08000015,mmccreathi1@hibu.com,+62 967 177 8819
